[2026-07-16 02:38:04 +0000] Application did finish launching
[2026-07-16 02:38:07 +0000] Updating layout. isCollapsed = true
[2026-07-16 02:38:07 +0000] Chevron frame (collapsed): Optional((0.0, -2.0, 13.0, 26.5))
[2026-07-16 02:38:07 +0000] Separator frame (collapsed): Optional((0.0, -1.5, 1570.0, 25.0))
[2026-07-16 02:38:09 +0000] Chevron button clicked
[2026-07-16 02:38:09 +0000] Updating layout. isCollapsed = false
[2026-07-16 02:38:09 +0000] Chevron frame (expanded): Optional((0.0, -2.0, 13.0, 26.5))
[2026-07-16 02:38:09 +0000] Separator frame (expanded): Optional((0.0, -1.5, 22.0, 25.0))
[2026-07-16 02:38:09 +0000] Resetting auto-hide timer with delay: 5s
[2026-07-16 02:38:09 +0000] Invalidating auto-hide timer
[2026-07-16 02:38:09 +0000] Auto-hide suspended (mouse entering menu bar)
[2026-07-16 02:38:10 +0000] Chevron button clicked
[2026-07-16 02:38:10 +0000] Updating layout. isCollapsed = true
[2026-07-16 02:38:10 +0000] Chevron frame (collapsed): Optional((0.0, -2.0, 13.0, 26.5))
[2026-07-16 02:38:10 +0000] Separator frame (collapsed): Optional((0.0, -1.5, 1570.0, 25.0))
[2026-07-16 02:38:16 +0000] Mouse left menu bar. Restarting auto-hide countdown.
[2026-07-16 02:38:32 +0000] Chevron button clicked
[2026-07-16 02:38:33 +0000] Mouse left menu bar. Restarting auto-hide countdown.
[2026-07-16 02:38:34 +0000] Quitting application
[2026-07-16 02:39:02 +0000] Application did finish launching
[2026-07-16 02:39:04 +0000] Updating layout. isCollapsed = true
[2026-07-16 02:39:04 +0000] Chevron frame (collapsed): Optional((0.0, -2.0, 13.0, 26.5))
[2026-07-16 02:39:04 +0000] Separator frame (collapsed): Optional((0.0, -1.5, 1570.0, 25.0))
[2026-07-16 02:39:04 +0000] Starting global click monitor
[2026-07-16 02:39:20 +0000] Global click on empty space detected at (1014.375, 936.2421875). Expanding BBar.
[2026-07-16 02:39:20 +0000] Global click on empty space detected at (1014.375, 936.2421875). Expanding BBar.
[2026-07-16 02:39:21 +0000] Updating layout. isCollapsed = false
[2026-07-16 02:39:21 +0000] Chevron frame (expanded): Optional((0.0, -2.0, 13.0, 26.5))
[2026-07-16 02:39:21 +0000] Separator frame (expanded): Optional((0.0, -1.5, 22.0, 25.0))
[2026-07-16 02:39:21 +0000] Stopping global click monitor
[2026-07-16 02:39:21 +0000] Resetting auto-hide timer with delay: 5s
[2026-07-16 02:39:21 +0000] Updating layout. isCollapsed = false
[2026-07-16 02:39:21 +0000] Chevron frame (expanded): Optional((0.0, -2.0, 13.0, 26.5))
[2026-07-16 02:39:21 +0000] Separator frame (expanded): Optional((0.0, -1.5, 22.0, 25.0))
[2026-07-16 02:39:21 +0000] Invalidating auto-hide timer
[2026-07-16 02:39:21 +0000] Resetting auto-hide timer with delay: 5s
[2026-07-16 02:39:21 +0000] Invalidating auto-hide timer
[2026-07-16 02:39:21 +0000] Auto-hide suspended (mouse entering menu bar)
[2026-07-16 02:39:23 +0000] Separator button clicked directly
[2026-07-16 02:39:23 +0000] Updating layout. isCollapsed = true
[2026-07-16 02:39:23 +0000] Chevron frame (collapsed): Optional((0.0, -2.0, 13.0, 26.5))
[2026-07-16 02:39:23 +0000] Separator frame (collapsed): Optional((0.0, -1.5, 1570.0, 25.0))
[2026-07-16 02:39:23 +0000] Starting global click monitor
[2026-07-16 02:39:24 +0000] Mouse left menu bar. Restarting auto-hide countdown.
[2026-07-16 02:39:24 +0000] Global click on empty space detected at (974.9296875, 938.96875). Expanding BBar.
[2026-07-16 02:39:24 +0000] Global click on empty space detected at (974.9296875, 938.96875). Expanding BBar.
[2026-07-16 02:39:24 +0000] Updating layout. isCollapsed = false
[2026-07-16 02:39:24 +0000] Chevron frame (expanded): Optional((0.0, -2.0, 13.0, 26.5))
[2026-07-16 02:39:24 +0000] Separator frame (expanded): Optional((0.0, -1.5, 22.0, 25.0))
[2026-07-16 02:39:24 +0000] Stopping global click monitor
[2026-07-16 02:39:24 +0000] Resetting auto-hide timer with delay: 5s
[2026-07-16 02:39:24 +0000] Updating layout. isCollapsed = false
[2026-07-16 02:39:24 +0000] Chevron frame (expanded): Optional((0.0, -2.0, 13.0, 26.5))
[2026-07-16 02:39:24 +0000] Separator frame (expanded): Optional((0.0, -1.5, 22.0, 25.0))
[2026-07-16 02:39:24 +0000] Invalidating auto-hide timer
[2026-07-16 02:39:24 +0000] Resetting auto-hide timer with delay: 5s
[2026-07-16 02:39:25 +0000] Invalidating auto-hide timer
[2026-07-16 02:39:25 +0000] Auto-hide suspended (mouse entering menu bar)
[2026-07-16 02:39:26 +0000] Mouse left menu bar. Restarting auto-hide countdown.
[2026-07-16 02:39:26 +0000] Resetting auto-hide timer with delay: 5s
[2026-07-16 02:39:27 +0000] Invalidating auto-hide timer
[2026-07-16 02:39:27 +0000] Auto-hide suspended (mouse entering menu bar)
[2026-07-16 02:39:28 +0000] Mouse left menu bar. Restarting auto-hide countdown.
[2026-07-16 02:39:28 +0000] Resetting auto-hide timer with delay: 5s
[2026-07-16 02:39:33 +0000] Auto-hide timer fired. Collapsing bar.
[2026-07-16 02:39:33 +0000] Updating layout. isCollapsed = true
[2026-07-16 02:39:33 +0000] Chevron frame (collapsed): Optional((0.0, -2.0, 13.0, 26.5))
[2026-07-16 02:39:33 +0000] Separator frame (collapsed): Optional((0.0, -1.5, 1570.0, 25.0))
[2026-07-16 02:39:33 +0000] Starting global click monitor
[2026-07-16 02:39:33 +0000] Invalidating auto-hide timer
[2026-07-16 02:39:37 +0000] Chevron button clicked
[2026-07-16 02:39:37 +0000] Mouse left menu bar. Restarting auto-hide countdown.
[2026-07-16 02:39:38 +0000] Opening settings window
[2026-07-16 02:39:43 +0000] Global click on empty space detected at (946.40234375, 932.3828125). Expanding BBar.
[2026-07-16 02:39:43 +0000] Global click on empty space detected at (946.40234375, 932.3828125). Expanding BBar.
[2026-07-16 02:39:43 +0000] Updating layout. isCollapsed = false
[2026-07-16 02:39:43 +0000] Chevron frame (expanded): Optional((0.0, -2.0, 13.0, 26.5))
[2026-07-16 02:39:43 +0000] Separator frame (expanded): Optional((0.0, -1.5, 22.0, 25.0))
[2026-07-16 02:39:43 +0000] Stopping global click monitor
[2026-07-16 02:39:43 +0000] Resetting auto-hide timer with delay: 5s
[2026-07-16 02:39:43 +0000] Updating layout. isCollapsed = false
[2026-07-16 02:39:43 +0000] Chevron frame (expanded): Optional((0.0, -2.0, 13.0, 26.5))
[2026-07-16 02:39:43 +0000] Separator frame (expanded): Optional((0.0, -1.5, 22.0, 25.0))
[2026-07-16 02:39:43 +0000] Invalidating auto-hide timer
[2026-07-16 02:39:43 +0000] Resetting auto-hide timer with delay: 5s
[2026-07-16 02:39:43 +0000] Invalidating auto-hide timer
[2026-07-16 02:39:43 +0000] Auto-hide suspended (mouse entering menu bar)
[2026-07-16 02:39:47 +0000] Chevron button clicked
[2026-07-16 02:39:47 +0000] Updating layout. isCollapsed = true
[2026-07-16 02:39:47 +0000] Chevron frame (collapsed): Optional((0.0, -2.0, 13.0, 26.5))
[2026-07-16 02:39:47 +0000] Separator frame (collapsed): Optional((0.0, -1.5, 1570.0, 25.0))
[2026-07-16 02:39:47 +0000] Starting global click monitor
[2026-07-16 02:39:47 +0000] Mouse left menu bar. Restarting auto-hide countdown.
[2026-07-16 02:39:49 +0000] Mouse left menu bar. Restarting auto-hide countdown.
[2026-07-16 02:39:52 +0000] Chevron button clicked
[2026-07-16 02:39:52 +0000] Updating layout. isCollapsed = false
[2026-07-16 02:39:52 +0000] Chevron frame (expanded): Optional((0.0, -2.0, 13.0, 26.5))
[2026-07-16 02:39:52 +0000] Separator frame (expanded): Optional((0.0, -1.5, 22.0, 25.0))
[2026-07-16 02:39:52 +0000] Stopping global click monitor
[2026-07-16 02:39:52 +0000] Resetting auto-hide timer with delay: 5s
[2026-07-16 02:39:52 +0000] Invalidating auto-hide timer
[2026-07-16 02:39:52 +0000] Auto-hide suspended (mouse entering menu bar)
[2026-07-16 02:39:53 +0000] Chevron button clicked
[2026-07-16 02:39:53 +0000] Updating layout. isCollapsed = true
[2026-07-16 02:39:53 +0000] Chevron frame (collapsed): Optional((0.0, -2.0, 13.0, 26.5))
[2026-07-16 02:39:53 +0000] Separator frame (collapsed): Optional((0.0, -1.5, 1570.0, 25.0))
[2026-07-16 02:39:53 +0000] Starting global click monitor
[2026-07-16 02:39:55 +0000] Chevron button clicked
[2026-07-16 02:39:55 +0000] Updating layout. isCollapsed = false
[2026-07-16 02:39:55 +0000] Chevron frame (expanded): Optional((0.0, -2.0, 13.0, 26.5))
[2026-07-16 02:39:55 +0000] Separator frame (expanded): Optional((0.0, -1.5, 22.0, 25.0))
[2026-07-16 02:39:55 +0000] Stopping global click monitor
[2026-07-16 02:39:55 +0000] Resetting auto-hide timer with delay: 5s
[2026-07-16 02:39:56 +0000] Invalidating auto-hide timer
[2026-07-16 02:39:56 +0000] Auto-hide suspended (mouse entering menu bar)
[2026-07-16 02:39:57 +0000] Chevron button clicked
[2026-07-16 02:39:57 +0000] Updating layout. isCollapsed = true
[2026-07-16 02:39:57 +0000] Chevron frame (collapsed): Optional((0.0, -2.0, 13.0, 26.5))
[2026-07-16 02:39:57 +0000] Separator frame (collapsed): Optional((0.0, -1.5, 1570.0, 25.0))
[2026-07-16 02:39:57 +0000] Starting global click monitor
[2026-07-16 02:39:59 +0000] Mouse left menu bar. Restarting auto-hide countdown.
[2026-07-16 02:40:02 +0000] Chevron button clicked
[2026-07-16 02:40:02 +0000] Updating layout. isCollapsed = false
[2026-07-16 02:40:02 +0000] Chevron frame (expanded): Optional((0.0, -2.0, 13.0, 26.5))
[2026-07-16 02:40:02 +0000] Separator frame (expanded): Optional((0.0, -1.5, 22.0, 25.0))
[2026-07-16 02:40:02 +0000] Stopping global click monitor
[2026-07-16 02:40:02 +0000] Resetting auto-hide timer with delay: 5s
[2026-07-16 02:40:02 +0000] Invalidating auto-hide timer
[2026-07-16 02:40:02 +0000] Auto-hide suspended (mouse entering menu bar)
[2026-07-16 02:40:03 +0000] Mouse left menu bar. Restarting auto-hide countdown.
[2026-07-16 02:40:03 +0000] Resetting auto-hide timer with delay: 5s
[2026-07-16 02:40:08 +0000] Auto-hide timer fired. Collapsing bar.
[2026-07-16 02:40:08 +0000] Updating layout. isCollapsed = true
[2026-07-16 02:40:08 +0000] Chevron frame (collapsed): Optional((0.0, -2.0, 13.0, 26.5))
[2026-07-16 02:40:08 +0000] Separator frame (collapsed): Optional((0.0, -1.5, 1570.0, 25.0))
[2026-07-16 02:40:08 +0000] Starting global click monitor
[2026-07-16 02:40:08 +0000] Invalidating auto-hide timer
[2026-07-16 02:41:03 +0000] Chevron button clicked
[2026-07-16 02:41:04 +0000] Mouse left menu bar. Restarting auto-hide countdown.
[2026-07-16 02:41:04 +0000] Quitting application
[2026-07-16 02:42:06 +0000] Application did finish launching
[2026-07-16 02:42:06 +0000] Updating layout. isCollapsed = true
[2026-07-16 02:42:06 +0000] Chevron frame (collapsed): Optional((0.0, -2.0, 13.0, 26.5))
[2026-07-16 02:42:06 +0000] Separator frame (collapsed): Optional((0.0, -1.5, 1570.0, 25.0))
[2026-07-16 02:42:06 +0000] Starting global click monitor
[2026-07-16 02:42:13 +0000] Mouse left menu bar. Restarting auto-hide countdown.
[2026-07-16 02:46:58 +0000] Mouse left menu bar. Restarting auto-hide countdown.
[2026-07-16 02:47:05 +0000] Mouse left menu bar. Restarting auto-hide countdown.
[2026-07-16 02:47:22 +0000] Mouse left menu bar. Restarting auto-hide countdown.
[2026-07-16 02:47:25 +0000] Mouse left menu bar. Restarting auto-hide countdown.
[2026-07-16 02:47:53 +0000] Mouse left menu bar. Restarting auto-hide countdown.
[2026-07-16 02:48:08 +0000] Mouse left menu bar. Restarting auto-hide countdown.
[2026-07-16 02:48:37 +0000] Global click on empty space detected at (428.5703125, 1963.75390625). Expanding BBar.
[2026-07-16 02:48:37 +0000] Global click on empty space detected at (428.5703125, 1963.75390625). Expanding BBar.
[2026-07-16 02:48:37 +0000] Updating layout. isCollapsed = false
[2026-07-16 02:48:37 +0000] Chevron frame (expanded): Optional((0.0, -2.0, 13.5, 26.5))
[2026-07-16 02:48:37 +0000] Separator frame (expanded): Optional((0.0, -1.5, 22.0, 25.0))
[2026-07-16 02:48:37 +0000] Stopping global click monitor
[2026-07-16 02:48:37 +0000] Resetting auto-hide timer with delay: 5s
[2026-07-16 02:48:37 +0000] Updating layout. isCollapsed = false
[2026-07-16 02:48:37 +0000] Chevron frame (expanded): Optional((0.0, -2.0, 13.5, 26.5))
[2026-07-16 02:48:37 +0000] Separator frame (expanded): Optional((0.0, -1.5, 22.0, 25.0))
[2026-07-16 02:48:37 +0000] Invalidating auto-hide timer
[2026-07-16 02:48:37 +0000] Resetting auto-hide timer with delay: 5s
[2026-07-16 02:48:37 +0000] Mouse left menu bar. Restarting auto-hide countdown.
[2026-07-16 02:48:37 +0000] Invalidating auto-hide timer
[2026-07-16 02:48:37 +0000] Resetting auto-hide timer with delay: 5s
[2026-07-16 02:48:42 +0000] Auto-hide timer fired. Collapsing bar.
[2026-07-16 02:48:42 +0000] Updating layout. isCollapsed = true
[2026-07-16 02:48:42 +0000] Chevron frame (collapsed): Optional((0.0, -2.0, 13.5, 26.5))
[2026-07-16 02:48:42 +0000] Separator frame (collapsed): Optional((0.0, -1.5, 1780.0, 25.0))
[2026-07-16 02:48:42 +0000] Starting global click monitor
[2026-07-16 02:48:42 +0000] Invalidating auto-hide timer
[2026-07-16 02:48:48 +0000] Mouse left menu bar. Restarting auto-hide countdown.
[2026-07-16 02:51:38 +0000] Mouse left menu bar. Restarting auto-hide countdown.
[2026-07-16 02:53:50 +0000] Mouse left menu bar. Restarting auto-hide countdown.
[2026-07-16 02:54:54 +0000] Global click on empty space detected at (397.33203125, 1964.59375). Expanding BBar.
[2026-07-16 02:54:54 +0000] Global click on empty space detected at (397.33203125, 1964.59375). Expanding BBar.
[2026-07-16 02:54:54 +0000] Updating layout. isCollapsed = false
[2026-07-16 02:54:54 +0000] Chevron frame (expanded): Optional((0.0, -2.0, 13.5, 26.5))
[2026-07-16 02:54:54 +0000] Separator frame (expanded): Optional((0.0, -1.5, 22.0, 25.0))
[2026-07-16 02:54:54 +0000] Stopping global click monitor
[2026-07-16 02:54:54 +0000] Resetting auto-hide timer with delay: 5s
[2026-07-16 02:54:54 +0000] Updating layout. isCollapsed = false
[2026-07-16 02:54:54 +0000] Chevron frame (expanded): Optional((0.0, -2.0, 13.5, 26.5))
[2026-07-16 02:54:54 +0000] Separator frame (expanded): Optional((0.0, -1.5, 22.0, 25.0))
[2026-07-16 02:54:54 +0000] Invalidating auto-hide timer
[2026-07-16 02:54:54 +0000] Resetting auto-hide timer with delay: 5s
[2026-07-16 02:54:54 +0000] Invalidating auto-hide timer
[2026-07-16 02:54:54 +0000] Auto-hide suspended (mouse entering menu bar)
[2026-07-16 02:54:55 +0000] Mouse left menu bar. Restarting auto-hide countdown.
[2026-07-16 02:54:55 +0000] Resetting auto-hide timer with delay: 5s
[2026-07-16 02:55:00 +0000] Auto-hide timer fired. Collapsing bar.
[2026-07-16 02:55:00 +0000] Updating layout. isCollapsed = true
[2026-07-16 02:55:00 +0000] Chevron frame (collapsed): Optional((0.0, -2.0, 13.5, 26.5))
[2026-07-16 02:55:00 +0000] Separator frame (collapsed): Optional((0.0, -1.5, 1570.0, 25.0))
[2026-07-16 02:55:00 +0000] Starting global click monitor
[2026-07-16 02:55:00 +0000] Invalidating auto-hide timer
[2026-07-16 02:55:16 +0000] Mouse left menu bar. Restarting auto-hide countdown.
[2026-07-16 02:57:17 +0000] Mouse left menu bar. Restarting auto-hide countdown.
[2026-07-16 02:57:41 +0000] Mouse left menu bar. Restarting auto-hide countdown.
[2026-07-16 02:57:48 +0000] Mouse left menu bar. Restarting auto-hide countdown.
[2026-07-16 02:58:44 +0000] Mouse left menu bar. Restarting auto-hide countdown.
[2026-07-16 03:02:04 +0000] Mouse left menu bar. Restarting auto-hide countdown.
[2026-07-16 03:08:16 +0000] Mouse left menu bar. Restarting auto-hide countdown.
[2026-07-16 03:11:21 +0000] Mouse left menu bar. Restarting auto-hide countdown.
[2026-07-16 03:11:31 +0000] Mouse left menu bar. Restarting auto-hide countdown.
[2026-07-16 03:11:41 +0000] Mouse left menu bar. Restarting auto-hide countdown.
[2026-07-16 03:12:03 +0000] Global click on empty space detected at (429.15234375, 1963.25390625). Expanding BBar.
[2026-07-16 03:12:03 +0000] Global click on empty space detected at (429.15234375, 1963.25390625). Expanding BBar.
[2026-07-16 03:12:03 +0000] Updating layout. isCollapsed = false
[2026-07-16 03:12:03 +0000] Chevron frame (expanded): Optional((0.0, -2.0, 13.5, 26.5))
[2026-07-16 03:12:03 +0000] Separator frame (expanded): Optional((0.0, -1.5, 22.0, 25.0))
[2026-07-16 03:12:03 +0000] Stopping global click monitor
[2026-07-16 03:12:03 +0000] Resetting auto-hide timer with delay: 5s
[2026-07-16 03:12:03 +0000] Updating layout. isCollapsed = false
[2026-07-16 03:12:03 +0000] Chevron frame (expanded): Optional((0.0, -2.0, 13.5, 26.5))
[2026-07-16 03:12:03 +0000] Separator frame (expanded): Optional((0.0, -1.5, 22.0, 25.0))
[2026-07-16 03:12:03 +0000] Invalidating auto-hide timer
[2026-07-16 03:12:03 +0000] Resetting auto-hide timer with delay: 5s
[2026-07-16 03:12:03 +0000] Invalidating auto-hide timer
[2026-07-16 03:12:03 +0000] Auto-hide suspended (mouse entering menu bar)
[2026-07-16 03:12:03 +0000] Mouse left menu bar. Restarting auto-hide countdown.
[2026-07-16 03:12:03 +0000] Resetting auto-hide timer with delay: 5s
[2026-07-16 03:12:05 +0000] Invalidating auto-hide timer
[2026-07-16 03:12:05 +0000] Auto-hide suspended (mouse entering menu bar)
[2026-07-16 03:12:05 +0000] Mouse left menu bar. Restarting auto-hide countdown.
[2026-07-16 03:12:05 +0000] Resetting auto-hide timer with delay: 5s
[2026-07-16 03:12:10 +0000] Auto-hide timer fired. Collapsing bar.
[2026-07-16 03:12:10 +0000] Updating layout. isCollapsed = true
[2026-07-16 03:12:10 +0000] Chevron frame (collapsed): Optional((0.0, -2.0, 13.5, 26.5))
[2026-07-16 03:12:10 +0000] Separator frame (collapsed): Optional((0.0, -1.5, 1780.0, 25.0))
[2026-07-16 03:12:10 +0000] Starting global click monitor
[2026-07-16 03:12:10 +0000] Invalidating auto-hide timer
[2026-07-16 03:12:15 +0000] Mouse left menu bar. Restarting auto-hide countdown.
[2026-07-16 03:13:32 +0000] Global click on empty space detected at (578.36328125, 1963.3515625). Expanding BBar.
[2026-07-16 03:13:32 +0000] Global click on empty space detected at (578.36328125, 1963.3515625). Expanding BBar.
[2026-07-16 03:13:32 +0000] Updating layout. isCollapsed = false
[2026-07-16 03:13:32 +0000] Chevron frame (expanded): Optional((0.0, -2.0, 13.5, 26.5))
[2026-07-16 03:13:32 +0000] Separator frame (expanded): Optional((0.0, -1.5, 22.0, 25.0))
[2026-07-16 03:13:32 +0000] Stopping global click monitor
[2026-07-16 03:13:32 +0000] Resetting auto-hide timer with delay: 5s
[2026-07-16 03:13:32 +0000] Updating layout. isCollapsed = false
[2026-07-16 03:13:32 +0000] Chevron frame (expanded): Optional((0.0, -2.0, 13.5, 26.5))
[2026-07-16 03:13:32 +0000] Separator frame (expanded): Optional((0.0, -1.5, 22.0, 25.0))
[2026-07-16 03:13:32 +0000] Invalidating auto-hide timer
[2026-07-16 03:13:32 +0000] Resetting auto-hide timer with delay: 5s
[2026-07-16 03:13:32 +0000] Invalidating auto-hide timer
[2026-07-16 03:13:32 +0000] Auto-hide suspended (mouse entering menu bar)
[2026-07-16 03:13:32 +0000] Mouse left menu bar. Restarting auto-hide countdown.
[2026-07-16 03:13:32 +0000] Resetting auto-hide timer with delay: 5s
[2026-07-16 03:13:37 +0000] Auto-hide timer fired. Collapsing bar.
[2026-07-16 03:13:37 +0000] Updating layout. isCollapsed = true
[2026-07-16 03:13:37 +0000] Chevron frame (collapsed): Optional((0.0, -2.0, 13.5, 26.5))
[2026-07-16 03:13:37 +0000] Separator frame (collapsed): Optional((0.0, -1.5, 1780.0, 25.0))
[2026-07-16 03:13:37 +0000] Starting global click monitor
[2026-07-16 03:13:37 +0000] Invalidating auto-hide timer
[2026-07-16 03:16:18 +0000] Mouse left menu bar. Restarting auto-hide countdown.
[2026-07-16 03:16:43 +0000] Mouse left menu bar. Restarting auto-hide countdown.
[2026-07-16 03:17:06 +0000] Mouse left menu bar. Restarting auto-hide countdown.
[2026-07-16 03:19:31 +0000] Global click on empty space detected at (724.41015625, 1965.4921875). Expanding BBar.
[2026-07-16 03:19:31 +0000] Global click on empty space detected at (724.41015625, 1965.4921875). Expanding BBar.
[2026-07-16 03:19:31 +0000] Updating layout. isCollapsed = false
[2026-07-16 03:19:31 +0000] Chevron frame (expanded): Optional((0.0, -2.0, 13.5, 26.5))
[2026-07-16 03:19:31 +0000] Separator frame (expanded): Optional((0.0, -1.5, 22.0, 25.0))
[2026-07-16 03:19:31 +0000] Stopping global click monitor
[2026-07-16 03:19:31 +0000] Resetting auto-hide timer with delay: 5s
[2026-07-16 03:19:31 +0000] Updating layout. isCollapsed = false
[2026-07-16 03:19:31 +0000] Chevron frame (expanded): Optional((0.0, -2.0, 13.5, 26.5))
[2026-07-16 03:19:31 +0000] Separator frame (expanded): Optional((0.0, -1.5, 22.0, 25.0))
[2026-07-16 03:19:31 +0000] Invalidating auto-hide timer
[2026-07-16 03:19:31 +0000] Resetting auto-hide timer with delay: 5s
[2026-07-16 03:19:31 +0000] Mouse left menu bar. Restarting auto-hide countdown.
[2026-07-16 03:19:31 +0000] Invalidating auto-hide timer
[2026-07-16 03:19:31 +0000] Resetting auto-hide timer with delay: 5s
[2026-07-16 03:19:36 +0000] Auto-hide timer fired. Collapsing bar.
[2026-07-16 03:19:36 +0000] Updating layout. isCollapsed = true
[2026-07-16 03:19:36 +0000] Chevron frame (collapsed): Optional((0.0, -2.0, 13.5, 26.5))
[2026-07-16 03:19:36 +0000] Separator frame (collapsed): Optional((0.0, -1.5, 1570.0, 25.0))
[2026-07-16 03:19:36 +0000] Starting global click monitor
[2026-07-16 03:19:36 +0000] Invalidating auto-hide timer
[2026-07-16 03:20:13 +0000] Mouse left menu bar. Restarting auto-hide countdown.
[2026-07-16 03:21:35 +0000] Mouse left menu bar. Restarting auto-hide countdown.
[2026-07-16 03:22:03 +0000] Mouse left menu bar. Restarting auto-hide countdown.
[2026-07-16 06:13:43 +0000] Mouse left menu bar. Restarting auto-hide countdown.
[2026-07-16 06:25:17 +0000] Mouse left menu bar. Restarting auto-hide countdown.
[2026-07-16 06:25:35 +0000] Mouse left menu bar. Restarting auto-hide countdown.
[2026-07-16 06:25:55 +0000] Mouse left menu bar. Restarting auto-hide countdown.
[2026-07-16 06:27:19 +0000] Mouse left menu bar. Restarting auto-hide countdown.
[2026-07-16 06:30:07 +0000] Mouse left menu bar. Restarting auto-hide countdown.
[2026-07-16 06:30:14 +0000] Mouse left menu bar. Restarting auto-hide countdown.
[2026-07-16 06:30:24 +0000] Global click on empty space detected at (1025.2578125, 940.55078125). Expanding BBar.
[2026-07-16 06:30:24 +0000] Global click on empty space detected at (1025.2578125, 940.55078125). Expanding BBar.
[2026-07-16 06:30:24 +0000] Updating layout. isCollapsed = false
[2026-07-16 06:30:24 +0000] Chevron frame (expanded): Optional((0.0, -2.0, 13.5, 26.5))
[2026-07-16 06:30:24 +0000] Separator frame (expanded): Optional((0.0, -1.5, 22.0, 25.0))
[2026-07-16 06:30:24 +0000] Stopping global click monitor
[2026-07-16 06:30:24 +0000] Resetting auto-hide timer with delay: 5s
[2026-07-16 06:30:24 +0000] Updating layout. isCollapsed = false
[2026-07-16 06:30:24 +0000] Chevron frame (expanded): Optional((0.0, -2.0, 13.0, 26.5))
[2026-07-16 06:30:24 +0000] Separator frame (expanded): Optional((0.0, -1.5, 22.0, 25.0))
[2026-07-16 06:30:24 +0000] Invalidating auto-hide timer
[2026-07-16 06:30:24 +0000] Resetting auto-hide timer with delay: 5s
[2026-07-16 06:30:24 +0000] Invalidating auto-hide timer
[2026-07-16 06:30:24 +0000] Auto-hide suspended (mouse entering menu bar)
[2026-07-16 06:30:29 +0000] Chevron button clicked
[2026-07-16 06:30:29 +0000] Updating layout. isCollapsed = true
[2026-07-16 06:30:29 +0000] Chevron frame (collapsed): Optional((0.0, -2.0, 13.0, 26.5))
[2026-07-16 06:30:29 +0000] Separator frame (collapsed): Optional((0.0, -1.5, 1570.0, 25.0))
[2026-07-16 06:30:29 +0000] Starting global click monitor
[2026-07-16 06:30:30 +0000] Global click on empty space detected at (980.08984375, 938.640625). Expanding BBar.
[2026-07-16 06:30:30 +0000] Global click on empty space detected at (980.08984375, 938.640625). Expanding BBar.
[2026-07-16 06:30:30 +0000] Updating layout. isCollapsed = false
[2026-07-16 06:30:30 +0000] Chevron frame (expanded): Optional((0.0, -2.0, 13.0, 26.5))
[2026-07-16 06:30:30 +0000] Separator frame (expanded): Optional((0.0, -1.5, 22.0, 25.0))
[2026-07-16 06:30:30 +0000] Stopping global click monitor
[2026-07-16 06:30:30 +0000] Resetting auto-hide timer with delay: 5s
[2026-07-16 06:30:30 +0000] Updating layout. isCollapsed = false
[2026-07-16 06:30:30 +0000] Chevron frame (expanded): Optional((0.0, -2.0, 13.0, 26.5))
[2026-07-16 06:30:30 +0000] Separator frame (expanded): Optional((0.0, -1.5, 22.0, 25.0))
[2026-07-16 06:30:30 +0000] Invalidating auto-hide timer
[2026-07-16 06:30:30 +0000] Resetting auto-hide timer with delay: 5s
[2026-07-16 06:30:30 +0000] Invalidating auto-hide timer
[2026-07-16 06:30:30 +0000] Auto-hide suspended (mouse entering menu bar)
[2026-07-16 06:30:30 +0000] Mouse left menu bar. Restarting auto-hide countdown.
[2026-07-16 06:30:30 +0000] Resetting auto-hide timer with delay: 5s
[2026-07-16 06:30:35 +0000] Auto-hide timer fired. Collapsing bar.
[2026-07-16 06:30:35 +0000] Updating layout. isCollapsed = true
[2026-07-16 06:30:35 +0000] Chevron frame (collapsed): Optional((0.0, -2.0, 13.0, 26.5))
[2026-07-16 06:30:35 +0000] Separator frame (collapsed): Optional((0.0, -1.5, 1570.0, 25.0))
[2026-07-16 06:30:35 +0000] Starting global click monitor
[2026-07-16 06:30:35 +0000] Invalidating auto-hide timer
[2026-07-16 06:31:50 +0000] Mouse left menu bar. Restarting auto-hide countdown.
[2026-07-16 06:34:01 +0000] Mouse left menu bar. Restarting auto-hide countdown.
[2026-07-16 06:34:02 +0000] Mouse left menu bar. Restarting auto-hide countdown.
[2026-07-16 06:36:56 +0000] Mouse left menu bar. Restarting auto-hide countdown.
[2026-07-16 06:42:27 +0000] Mouse left menu bar. Restarting auto-hide countdown.
[2026-07-16 06:42:36 +0000] Mouse left menu bar. Restarting auto-hide countdown.
[2026-07-16 06:42:37 +0000] Mouse left menu bar. Restarting auto-hide countdown.
[2026-07-16 06:44:38 +0000] Mouse left menu bar. Restarting auto-hide countdown.
[2026-07-16 06:46:20 +0000] Mouse left menu bar. Restarting auto-hide countdown.
[2026-07-16 06:46:41 +0000] Mouse left menu bar. Restarting auto-hide countdown.
[2026-07-16 06:46:49 +0000] Mouse left menu bar. Restarting auto-hide countdown.
[2026-07-16 07:16:22 +0000] Mouse left menu bar. Restarting auto-hide countdown.
[2026-07-16 07:16:43 +0000] Mouse left menu bar. Restarting auto-hide countdown.
[2026-07-16 07:47:46 +0000] Mouse left menu bar. Restarting auto-hide countdown.
[2026-07-16 07:48:28 +0000] Mouse left menu bar. Restarting auto-hide countdown.
[2026-07-17 00:44:52 +0000] Mouse left menu bar. Restarting auto-hide countdown.
[2026-07-17 00:45:08 +0000] Mouse left menu bar. Restarting auto-hide countdown.
[2026-07-17 00:46:50 +0000] Mouse left menu bar. Restarting auto-hide countdown.
[2026-07-17 00:47:13 +0000] Mouse left menu bar. Restarting auto-hide countdown.
[2026-07-17 00:47:37 +0000] Mouse left menu bar. Restarting auto-hide countdown.
[2026-07-17 00:48:15 +0000] Mouse left menu bar. Restarting auto-hide countdown.
[2026-07-17 00:49:23 +0000] Mouse left menu bar. Restarting auto-hide countdown.
[2026-07-17 00:49:32 +0000] Mouse left menu bar. Restarting auto-hide countdown.
[2026-07-17 00:51:06 +0000] Mouse left menu bar. Restarting auto-hide countdown.
[2026-07-17 01:00:04 +0000] Global click on empty space detected at (1035.06640625, 939.81640625). Expanding BBar.
[2026-07-17 01:00:05 +0000] Global click on empty space detected at (1035.06640625, 939.81640625). Expanding BBar.
[2026-07-17 01:00:05 +0000] Updating layout. isCollapsed = false
[2026-07-17 01:00:05 +0000] Chevron frame (expanded): Optional((0.0, -2.0, 13.5, 26.5))
[2026-07-17 01:00:05 +0000] Separator frame (expanded): Optional((0.0, -1.5, 22.0, 25.0))
[2026-07-17 01:00:05 +0000] Stopping global click monitor
[2026-07-17 01:00:05 +0000] Resetting auto-hide timer with delay: 5s
[2026-07-17 01:00:05 +0000] Updating layout. isCollapsed = false
[2026-07-17 01:00:05 +0000] Chevron frame (expanded): Optional((0.0, -2.0, 13.0, 26.5))
[2026-07-17 01:00:05 +0000] Separator frame (expanded): Optional((0.0, -1.5, 22.0, 25.0))
[2026-07-17 01:00:05 +0000] Invalidating auto-hide timer
[2026-07-17 01:00:05 +0000] Resetting auto-hide timer with delay: 5s
[2026-07-17 01:00:05 +0000] Invalidating auto-hide timer
[2026-07-17 01:00:05 +0000] Auto-hide suspended (mouse entering menu bar)
[2026-07-17 01:00:05 +0000] Mouse left menu bar. Restarting auto-hide countdown.
[2026-07-17 01:00:05 +0000] Resetting auto-hide timer with delay: 5s
[2026-07-17 01:00:06 +0000] Invalidating auto-hide timer
[2026-07-17 01:00:06 +0000] Auto-hide suspended (mouse entering menu bar)
[2026-07-17 01:00:06 +0000] Mouse left menu bar. Restarting auto-hide countdown.
[2026-07-17 01:00:06 +0000] Resetting auto-hide timer with delay: 5s
[2026-07-17 01:00:07 +0000] Invalidating auto-hide timer
[2026-07-17 01:00:07 +0000] Auto-hide suspended (mouse entering menu bar)
[2026-07-17 01:00:08 +0000] Mouse left menu bar. Restarting auto-hide countdown.
[2026-07-17 01:00:08 +0000] Resetting auto-hide timer with delay: 5s
[2026-07-17 01:00:09 +0000] Invalidating auto-hide timer
[2026-07-17 01:00:09 +0000] Auto-hide suspended (mouse entering menu bar)
[2026-07-17 01:00:10 +0000] Mouse left menu bar. Restarting auto-hide countdown.
[2026-07-17 01:00:10 +0000] Resetting auto-hide timer with delay: 5s
[2026-07-17 01:00:14 +0000] Invalidating auto-hide timer
[2026-07-17 01:00:14 +0000] Auto-hide suspended (mouse entering menu bar)
[2026-07-17 01:00:18 +0000] Mouse left menu bar. Restarting auto-hide countdown.
[2026-07-17 01:00:18 +0000] Resetting auto-hide timer with delay: 5s
[2026-07-17 01:00:19 +0000] Invalidating auto-hide timer
[2026-07-17 01:00:19 +0000] Auto-hide suspended (mouse entering menu bar)
[2026-07-17 01:00:21 +0000] Mouse left menu bar. Restarting auto-hide countdown.
[2026-07-17 01:00:21 +0000] Resetting auto-hide timer with delay: 5s
[2026-07-17 01:00:26 +0000] Auto-hide timer fired. Collapsing bar.
[2026-07-17 01:00:26 +0000] Updating layout. isCollapsed = true
[2026-07-17 01:00:26 +0000] Chevron frame (collapsed): Optional((0.0, -2.0, 13.0, 26.5))
[2026-07-17 01:00:26 +0000] Separator frame (collapsed): Optional((0.0, -1.5, 1570.0, 25.0))
[2026-07-17 01:00:26 +0000] Starting global click monitor
[2026-07-17 01:00:26 +0000] Invalidating auto-hide timer
[2026-07-17 01:02:53 +0000] Mouse left menu bar. Restarting auto-hide countdown.
[2026-07-17 01:13:00 +0000] Mouse left menu bar. Restarting auto-hide countdown.
[2026-07-17 01:42:10 +0000] Mouse left menu bar. Restarting auto-hide countdown.
[2026-07-17 02:03:37 +0000] Mouse left menu bar. Restarting auto-hide countdown.
[2026-07-17 02:05:37 +0000] Mouse left menu bar. Restarting auto-hide countdown.
[2026-07-17 02:05:42 +0000] Mouse left menu bar. Restarting auto-hide countdown.
[2026-07-17 02:06:06 +0000] Mouse left menu bar. Restarting auto-hide countdown.
[2026-07-17 02:06:14 +0000] Mouse left menu bar. Restarting auto-hide countdown.
[2026-07-17 02:07:02 +0000] Mouse left menu bar. Restarting auto-hide countdown.
[2026-07-17 02:07:09 +0000] Mouse left menu bar. Restarting auto-hide countdown.
[2026-07-17 02:07:16 +0000] Mouse left menu bar. Restarting auto-hide countdown.
[2026-07-17 02:07:54 +0000] Mouse left menu bar. Restarting auto-hide countdown.
[2026-07-17 02:07:57 +0000] Mouse left menu bar. Restarting auto-hide countdown.
[2026-07-17 02:10:07 +0000] Mouse left menu bar. Restarting auto-hide countdown.
[2026-07-17 02:10:11 +0000] Global click on empty space detected at (905.453125, 1964.265625). Expanding BBar.
[2026-07-17 02:10:11 +0000] Global click on empty space detected at (905.453125, 1964.265625). Expanding BBar.
[2026-07-17 02:10:11 +0000] Updating layout. isCollapsed = false
[2026-07-17 02:10:11 +0000] Chevron frame (expanded): Optional((0.0, -2.0, 13.5, 26.5))
[2026-07-17 02:10:11 +0000] Separator frame (expanded): Optional((0.0, -1.5, 22.0, 25.0))
[2026-07-17 02:10:11 +0000] Stopping global click monitor
[2026-07-17 02:10:11 +0000] Resetting auto-hide timer with delay: 5s
[2026-07-17 02:10:11 +0000] Updating layout. isCollapsed = false
[2026-07-17 02:10:11 +0000] Chevron frame (expanded): Optional((0.0, -2.0, 13.5, 26.5))
[2026-07-17 02:10:11 +0000] Separator frame (expanded): Optional((0.0, -1.5, 22.0, 25.0))
[2026-07-17 02:10:11 +0000] Invalidating auto-hide timer
[2026-07-17 02:10:11 +0000] Resetting auto-hide timer with delay: 5s
[2026-07-17 02:10:11 +0000] Invalidating auto-hide timer
[2026-07-17 02:10:11 +0000] Auto-hide suspended (mouse entering menu bar)
[2026-07-17 02:10:11 +0000] Mouse left menu bar. Restarting auto-hide countdown.
[2026-07-17 02:10:11 +0000] Resetting auto-hide timer with delay: 5s
[2026-07-17 02:10:16 +0000] Auto-hide timer fired. Collapsing bar.
[2026-07-17 02:10:16 +0000] Updating layout. isCollapsed = true
[2026-07-17 02:10:16 +0000] Chevron frame (collapsed): Optional((0.0, -2.0, 13.5, 26.5))
[2026-07-17 02:10:16 +0000] Separator frame (collapsed): Optional((0.0, -1.5, 1780.0, 25.0))
[2026-07-17 02:10:16 +0000] Starting global click monitor
[2026-07-17 02:10:16 +0000] Invalidating auto-hide timer
[2026-07-17 02:14:51 +0000] Mouse left menu bar. Restarting auto-hide countdown.
[2026-07-17 02:15:01 +0000] Mouse left menu bar. Restarting auto-hide countdown.
[2026-07-17 02:15:03 +0000] Global click on empty space detected at (663.75, 1961.74609375). Expanding BBar.
[2026-07-17 02:15:03 +0000] Global click on empty space detected at (663.75, 1961.74609375). Expanding BBar.
[2026-07-17 02:15:03 +0000] Updating layout. isCollapsed = false
[2026-07-17 02:15:03 +0000] Chevron frame (expanded): Optional((0.0, -2.0, 13.5, 26.5))
[2026-07-17 02:15:03 +0000] Separator frame (expanded): Optional((0.0, -1.5, 22.0, 25.0))
[2026-07-17 02:15:03 +0000] Stopping global click monitor
[2026-07-17 02:15:03 +0000] Resetting auto-hide timer with delay: 5s
[2026-07-17 02:15:03 +0000] Updating layout. isCollapsed = false
[2026-07-17 02:15:03 +0000] Chevron frame (expanded): Optional((0.0, -2.0, 13.5, 26.5))
[2026-07-17 02:15:03 +0000] Separator frame (expanded): Optional((0.0, -1.5, 22.0, 25.0))
[2026-07-17 02:15:03 +0000] Invalidating auto-hide timer
[2026-07-17 02:15:03 +0000] Resetting auto-hide timer with delay: 5s
[2026-07-17 02:15:03 +0000] Mouse left menu bar. Restarting auto-hide countdown.
[2026-07-17 02:15:03 +0000] Invalidating auto-hide timer
[2026-07-17 02:15:03 +0000] Resetting auto-hide timer with delay: 5s
[2026-07-17 02:15:03 +0000] Invalidating auto-hide timer
[2026-07-17 02:15:03 +0000] Auto-hide suspended (mouse entering menu bar)
[2026-07-17 02:15:04 +0000] Mouse left menu bar. Restarting auto-hide countdown.
[2026-07-17 02:15:04 +0000] Resetting auto-hide timer with delay: 5s
[2026-07-17 02:15:09 +0000] Auto-hide timer fired. Collapsing bar.
[2026-07-17 02:15:09 +0000] Updating layout. isCollapsed = true
[2026-07-17 02:15:09 +0000] Chevron frame (collapsed): Optional((0.0, -2.0, 13.5, 26.5))
[2026-07-17 02:15:09 +0000] Separator frame (collapsed): Optional((0.0, -1.5, 1780.0, 25.0))
[2026-07-17 02:15:09 +0000] Starting global click monitor
[2026-07-17 02:15:09 +0000] Invalidating auto-hide timer
[2026-07-17 02:15:36 +0000] Global click on empty space detected at (393.21875, 1966.609375). Expanding BBar.
[2026-07-17 02:15:36 +0000] Global click on empty space detected at (393.21875, 1966.609375). Expanding BBar.
[2026-07-17 02:15:36 +0000] Updating layout. isCollapsed = false
[2026-07-17 02:15:36 +0000] Chevron frame (expanded): Optional((0.0, -2.0, 13.5, 26.5))
[2026-07-17 02:15:36 +0000] Separator frame (expanded): Optional((0.0, -1.5, 22.0, 25.0))
[2026-07-17 02:15:36 +0000] Stopping global click monitor
[2026-07-17 02:15:36 +0000] Resetting auto-hide timer with delay: 5s
[2026-07-17 02:15:36 +0000] Updating layout. isCollapsed = false
[2026-07-17 02:15:36 +0000] Chevron frame (expanded): Optional((0.0, -2.0, 13.5, 26.5))
[2026-07-17 02:15:36 +0000] Separator frame (expanded): Optional((0.0, -1.5, 22.0, 25.0))
[2026-07-17 02:15:36 +0000] Invalidating auto-hide timer
[2026-07-17 02:15:36 +0000] Resetting auto-hide timer with delay: 5s
[2026-07-17 02:15:36 +0000] Invalidating auto-hide timer
[2026-07-17 02:15:36 +0000] Auto-hide suspended (mouse entering menu bar)
[2026-07-17 02:15:36 +0000] Mouse left menu bar. Restarting auto-hide countdown.
[2026-07-17 02:15:36 +0000] Resetting auto-hide timer with delay: 5s
[2026-07-17 02:15:41 +0000] Auto-hide timer fired. Collapsing bar.
[2026-07-17 02:15:41 +0000] Updating layout. isCollapsed = true
[2026-07-17 02:15:41 +0000] Chevron frame (collapsed): Optional((0.0, -2.0, 13.5, 26.5))
[2026-07-17 02:15:41 +0000] Separator frame (collapsed): Optional((0.0, -1.5, 1780.0, 25.0))
[2026-07-17 02:15:41 +0000] Starting global click monitor
[2026-07-17 02:15:41 +0000] Invalidating auto-hide timer
[2026-07-17 02:16:29 +0000] Mouse left menu bar. Restarting auto-hide countdown.
[2026-07-17 02:16:30 +0000] Mouse left menu bar. Restarting auto-hide countdown.
[2026-07-17 02:16:46 +0000] Mouse left menu bar. Restarting auto-hide countdown.
[2026-07-17 02:16:48 +0000] Mouse left menu bar. Restarting auto-hide countdown.
[2026-07-17 02:16:53 +0000] Mouse left menu bar. Restarting auto-hide countdown.
[2026-07-17 02:17:06 +0000] Mouse left menu bar. Restarting auto-hide countdown.
[2026-07-17 02:20:59 +0000] Mouse left menu bar. Restarting auto-hide countdown.
[2026-07-17 02:29:25 +0000] Mouse left menu bar. Restarting auto-hide countdown.
[2026-07-17 02:37:18 +0000] Mouse left menu bar. Restarting auto-hide countdown.
[2026-07-17 02:37:28 +0000] Mouse left menu bar. Restarting auto-hide countdown.
[2026-07-17 02:37:51 +0000] Mouse left menu bar. Restarting auto-hide countdown.
[2026-07-17 02:39:18 +0000] Mouse left menu bar. Restarting auto-hide countdown.
[2026-07-17 02:40:38 +0000] Mouse left menu bar. Restarting auto-hide countdown.
[2026-07-17 02:40:51 +0000] Mouse left menu bar. Restarting auto-hide countdown.
[2026-07-17 02:41:11 +0000] Mouse left menu bar. Restarting auto-hide countdown.
[2026-07-17 02:41:33 +0000] Mouse left menu bar. Restarting auto-hide countdown.
[2026-07-17 02:43:31 +0000] Mouse left menu bar. Restarting auto-hide countdown.
[2026-07-17 02:51:19 +0000] Mouse left menu bar. Restarting auto-hide countdown.
[2026-07-17 02:51:28 +0000] Mouse left menu bar. Restarting auto-hide countdown.
[2026-07-17 02:57:50 +0000] Mouse left menu bar. Restarting auto-hide countdown.
[2026-07-17 02:59:17 +0000] Mouse left menu bar. Restarting auto-hide countdown.
[2026-07-17 03:02:26 +0000] Mouse left menu bar. Restarting auto-hide countdown.
[2026-07-17 03:04:13 +0000] Global click on empty space detected at (670.91015625, 1961.13671875). Expanding BBar.
[2026-07-17 03:04:13 +0000] Global click on empty space detected at (670.91015625, 1961.13671875). Expanding BBar.
[2026-07-17 03:04:13 +0000] Updating layout. isCollapsed = false
[2026-07-17 03:04:13 +0000] Chevron frame (expanded): Optional((0.0, -2.0, 13.5, 26.5))
[2026-07-17 03:04:13 +0000] Separator frame (expanded): Optional((0.0, -1.5, 22.0, 25.0))
[2026-07-17 03:04:13 +0000] Stopping global click monitor
[2026-07-17 03:04:13 +0000] Resetting auto-hide timer with delay: 5s
[2026-07-17 03:04:13 +0000] Updating layout. isCollapsed = false
[2026-07-17 03:04:13 +0000] Chevron frame (expanded): Optional((0.0, -2.0, 13.5, 26.5))
[2026-07-17 03:04:13 +0000] Separator frame (expanded): Optional((0.0, -1.5, 22.0, 25.0))
[2026-07-17 03:04:13 +0000] Invalidating auto-hide timer
[2026-07-17 03:04:13 +0000] Resetting auto-hide timer with delay: 5s
[2026-07-17 03:04:14 +0000] Mouse left menu bar. Restarting auto-hide countdown.
[2026-07-17 03:04:14 +0000] Invalidating auto-hide timer
[2026-07-17 03:04:14 +0000] Resetting auto-hide timer with delay: 5s
[2026-07-17 03:04:19 +0000] Auto-hide timer fired. Collapsing bar.
[2026-07-17 03:04:19 +0000] Updating layout. isCollapsed = true
[2026-07-17 03:04:19 +0000] Chevron frame (collapsed): Optional((0.0, -2.0, 13.5, 26.5))
[2026-07-17 03:04:19 +0000] Separator frame (collapsed): Optional((0.0, -1.5, 1570.0, 25.0))
[2026-07-17 03:04:19 +0000] Starting global click monitor
[2026-07-17 03:04:19 +0000] Invalidating auto-hide timer
[2026-07-17 03:12:08 +0000] Mouse left menu bar. Restarting auto-hide countdown.
[2026-07-17 07:22:37 +0000] Mouse left menu bar. Restarting auto-hide countdown.
[2026-07-17 07:22:38 +0000] Global click on empty space detected at (714.03125, 1967.84765625). Expanding BBar.
[2026-07-17 07:22:38 +0000] Global click on empty space detected at (714.03125, 1967.84765625). Expanding BBar.
[2026-07-17 07:22:38 +0000] Updating layout. isCollapsed = false
[2026-07-17 07:22:38 +0000] Chevron frame (expanded): Optional((0.0, -2.0, 13.5, 26.5))
[2026-07-17 07:22:38 +0000] Separator frame (expanded): Optional((0.0, -1.5, 22.0, 25.0))
[2026-07-17 07:22:38 +0000] Stopping global click monitor
[2026-07-17 07:22:38 +0000] Resetting auto-hide timer with delay: 5s
[2026-07-17 07:22:38 +0000] Updating layout. isCollapsed = false
[2026-07-17 07:22:38 +0000] Chevron frame (expanded): Optional((0.0, -2.0, 13.5, 26.5))
[2026-07-17 07:22:38 +0000] Separator frame (expanded): Optional((0.0, -1.5, 22.0, 25.0))
[2026-07-17 07:22:38 +0000] Invalidating auto-hide timer
[2026-07-17 07:22:38 +0000] Resetting auto-hide timer with delay: 5s
[2026-07-17 07:22:38 +0000] Invalidating auto-hide timer
[2026-07-17 07:22:38 +0000] Auto-hide suspended (mouse entering menu bar)
[2026-07-17 07:22:39 +0000] Mouse left menu bar. Restarting auto-hide countdown.
[2026-07-17 07:22:39 +0000] Resetting auto-hide timer with delay: 5s
[2026-07-17 07:22:40 +0000] Invalidating auto-hide timer
[2026-07-17 07:22:40 +0000] Auto-hide suspended (mouse entering menu bar)
[2026-07-17 07:22:40 +0000] Mouse left menu bar. Restarting auto-hide countdown.
[2026-07-17 07:22:40 +0000] Resetting auto-hide timer with delay: 5s
[2026-07-17 07:22:45 +0000] Auto-hide timer fired. Collapsing bar.
[2026-07-17 07:22:45 +0000] Updating layout. isCollapsed = true
[2026-07-17 07:22:45 +0000] Chevron frame (collapsed): Optional((0.0, -2.0, 13.5, 26.5))
[2026-07-17 07:22:45 +0000] Separator frame (collapsed): Optional((0.0, -1.5, 1780.0, 25.0))
[2026-07-17 07:22:45 +0000] Starting global click monitor
[2026-07-17 07:22:45 +0000] Invalidating auto-hide timer
[2026-07-18 05:13:16 +0000] Mouse left menu bar. Restarting auto-hide countdown.
[2026-07-18 05:13:19 +0000] Mouse left menu bar. Restarting auto-hide countdown.
[2026-07-18 05:14:05 +0000] Mouse left menu bar. Restarting auto-hide countdown.
[2026-07-18 05:21:38 +0000] Mouse left menu bar. Restarting auto-hide countdown.
[2026-07-18 05:23:29 +0000] Mouse left menu bar. Restarting auto-hide countdown.
[2026-07-18 05:23:34 +0000] Mouse left menu bar. Restarting auto-hide countdown.
[2026-07-18 06:19:31 +0000] Mouse left menu bar. Restarting auto-hide countdown.
[2026-07-18 06:34:23 +0000] Mouse left menu bar. Restarting auto-hide countdown.
[2026-07-18 06:36:02 +0000] Mouse left menu bar. Restarting auto-hide countdown.
[2026-07-18 06:36:04 +0000] Mouse left menu bar. Restarting auto-hide countdown.
[2026-07-18 06:39:40 +0000] Mouse left menu bar. Restarting auto-hide countdown.
[2026-07-18 07:29:11 +0000] Mouse left menu bar. Restarting auto-hide countdown.
[2026-07-18 07:29:13 +0000] Mouse left menu bar. Restarting auto-hide countdown.
[2026-07-18 07:30:39 +0000] Mouse left menu bar. Restarting auto-hide countdown.
[2026-07-18 07:30:43 +0000] Mouse left menu bar. Restarting auto-hide countdown.
[2026-07-18 07:38:50 +0000] Mouse left menu bar. Restarting auto-hide countdown.
[2026-07-18 07:38:53 +0000] Mouse left menu bar. Restarting auto-hide countdown.
[2026-07-18 07:39:00 +0000] Mouse left menu bar. Restarting auto-hide countdown.
[2026-07-18 07:40:06 +0000] Mouse left menu bar. Restarting auto-hide countdown.
[2026-07-18 07:44:29 +0000] Mouse left menu bar. Restarting auto-hide countdown.
[2026-07-18 08:04:30 +0000] Mouse left menu bar. Restarting auto-hide countdown.
[2026-07-18 08:05:20 +0000] Mouse left menu bar. Restarting auto-hide countdown.
[2026-07-18 15:03:45 +0000] Mouse left menu bar. Restarting auto-hide countdown.
[2026-07-18 15:03:54 +0000] Mouse left menu bar. Restarting auto-hide countdown.
[2026-07-18 15:04:42 +0000] Mouse left menu bar. Restarting auto-hide countdown.
[2026-07-18 15:05:05 +0000] Mouse left menu bar. Restarting auto-hide countdown.
[2026-07-18 23:39:30 +0000] Mouse left menu bar. Restarting auto-hide countdown.
[2026-07-18 23:39:55 +0000] Mouse left menu bar. Restarting auto-hide countdown.
[2026-07-18 23:40:35 +0000] Mouse left menu bar. Restarting auto-hide countdown.
[2026-07-18 23:40:36 +0000] Mouse left menu bar. Restarting auto-hide countdown.
[2026-07-18 23:41:48 +0000] Mouse left menu bar. Restarting auto-hide countdown.
[2026-07-18 23:44:51 +0000] Mouse left menu bar. Restarting auto-hide countdown.
[2026-07-18 23:44:54 +0000] Mouse left menu bar. Restarting auto-hide countdown.
[2026-07-18 23:44:56 +0000] Mouse left menu bar. Restarting auto-hide countdown.
[2026-07-18 23:45:01 +0000] Mouse left menu bar. Restarting auto-hide countdown.
[2026-07-18 23:45:06 +0000] Mouse left menu bar. Restarting auto-hide countdown.
[2026-07-18 23:45:45 +0000] Mouse left menu bar. Restarting auto-hide countdown.
[2026-07-18 23:46:02 +0000] Mouse left menu bar. Restarting auto-hide countdown.
[2026-07-18 23:47:31 +0000] Mouse left menu bar. Restarting auto-hide countdown.
[2026-07-18 23:53:57 +0000] Mouse left menu bar. Restarting auto-hide countdown.
[2026-07-18 23:57:30 +0000] Mouse left menu bar. Restarting auto-hide countdown.
[2026-07-18 23:59:59 +0000] Mouse left menu bar. Restarting auto-hide countdown.
[2026-07-19 13:13:05 +0000] Mouse left menu bar. Restarting auto-hide countdown.
[2026-07-19 13:13:34 +0000] Mouse left menu bar. Restarting auto-hide countdown.
[2026-07-19 13:58:42 +0000] Mouse left menu bar. Restarting auto-hide countdown.
[2026-07-19 15:07:49 +0000] Mouse left menu bar. Restarting auto-hide countdown.
[2026-07-19 15:08:48 +0000] Mouse left menu bar. Restarting auto-hide countdown.
[2026-07-19 15:08:52 +0000] Mouse left menu bar. Restarting auto-hide countdown.
[2026-07-19 15:09:03 +0000] Mouse left menu bar. Restarting auto-hide countdown.
[2026-07-19 15:11:07 +0000] Mouse left menu bar. Restarting auto-hide countdown.
[2026-07-20 00:31:26 +0000] Mouse left menu bar. Restarting auto-hide countdown.
[2026-07-20 00:31:28 +0000] Global click on empty space detected at (927.8828125, 1964.35546875). Expanding BBar.
[2026-07-20 00:31:28 +0000] Global click on empty space detected at (927.8828125, 1964.35546875). Expanding BBar.
[2026-07-20 00:31:28 +0000] Updating layout. isCollapsed = false
[2026-07-20 00:31:28 +0000] Chevron frame (expanded): Optional((0.0, -2.0, 13.5, 26.5))
[2026-07-20 00:31:28 +0000] Separator frame (expanded): Optional((0.0, -1.5, 22.0, 25.0))
[2026-07-20 00:31:28 +0000] Stopping global click monitor
[2026-07-20 00:31:28 +0000] Resetting auto-hide timer with delay: 5s
[2026-07-20 00:31:28 +0000] Updating layout. isCollapsed = false
[2026-07-20 00:31:28 +0000] Chevron frame (expanded): Optional((0.0, -2.0, 13.5, 26.5))
[2026-07-20 00:31:28 +0000] Separator frame (expanded): Optional((0.0, -1.5, 22.0, 25.0))
[2026-07-20 00:31:28 +0000] Invalidating auto-hide timer
[2026-07-20 00:31:28 +0000] Resetting auto-hide timer with delay: 5s
[2026-07-20 00:31:28 +0000] Invalidating auto-hide timer
[2026-07-20 00:31:28 +0000] Auto-hide suspended (mouse entering menu bar)
[2026-07-20 00:31:29 +0000] Mouse left menu bar. Restarting auto-hide countdown.
[2026-07-20 00:31:29 +0000] Resetting auto-hide timer with delay: 5s
[2026-07-20 00:31:34 +0000] Auto-hide timer fired. Collapsing bar.
[2026-07-20 00:31:34 +0000] Updating layout. isCollapsed = true
[2026-07-20 00:31:34 +0000] Chevron frame (collapsed): Optional((0.0, -2.0, 13.5, 26.5))
[2026-07-20 00:31:34 +0000] Separator frame (collapsed): Optional((0.0, -1.5, 1570.0, 25.0))
[2026-07-20 00:31:34 +0000] Starting global click monitor
[2026-07-20 00:31:34 +0000] Invalidating auto-hide timer
[2026-07-20 00:31:36 +0000] Mouse left menu bar. Restarting auto-hide countdown.
[2026-07-20 00:31:39 +0000] Mouse left menu bar. Restarting auto-hide countdown.
[2026-07-20 01:05:31 +0000] Mouse left menu bar. Restarting auto-hide countdown.
[2026-07-20 01:05:32 +0000] Global click on empty space detected at (835.390625, 911.00390625). Expanding BBar.
[2026-07-20 01:05:32 +0000] Updating layout. isCollapsed = false
[2026-07-20 01:05:32 +0000] Chevron frame (expanded): Optional((0.0, -2.0, 13.0, 26.5))
[2026-07-20 01:05:32 +0000] Separator frame (expanded): Optional((0.0, -1.5, 22.0, 25.0))
[2026-07-20 01:05:32 +0000] Stopping global click monitor
[2026-07-20 01:05:32 +0000] Resetting auto-hide timer with delay: 5s
[2026-07-20 01:05:32 +0000] Mouse left menu bar. Restarting auto-hide countdown.
[2026-07-20 01:05:32 +0000] Invalidating auto-hide timer
[2026-07-20 01:05:32 +0000] Resetting auto-hide timer with delay: 5s
[2026-07-20 01:05:33 +0000] Invalidating auto-hide timer
[2026-07-20 01:05:33 +0000] Auto-hide suspended (mouse entering menu bar)
[2026-07-20 01:05:35 +0000] Mouse left menu bar. Restarting auto-hide countdown.
[2026-07-20 01:05:35 +0000] Resetting auto-hide timer with delay: 5s
[2026-07-20 01:05:40 +0000] Auto-hide timer fired. Collapsing bar.
[2026-07-20 01:05:40 +0000] Updating layout. isCollapsed = true
[2026-07-20 01:05:40 +0000] Chevron frame (collapsed): Optional((0.0, -2.0, 13.0, 26.5))
[2026-07-20 01:05:40 +0000] Separator frame (collapsed): Optional((0.0, -1.5, 1570.0, 25.0))
[2026-07-20 01:05:40 +0000] Starting global click monitor
[2026-07-20 01:05:40 +0000] Invalidating auto-hide timer
[2026-07-20 01:28:34 +0000] Mouse left menu bar. Restarting auto-hide countdown.
[2026-07-20 01:28:44 +0000] Mouse left menu bar. Restarting auto-hide countdown.
[2026-07-20 01:29:34 +0000] Mouse left menu bar. Restarting auto-hide countdown.
[2026-07-20 01:30:04 +0000] Mouse left menu bar. Restarting auto-hide countdown.
[2026-07-20 01:32:42 +0000] Mouse left menu bar. Restarting auto-hide countdown.
[2026-07-20 01:45:40 +0000] Mouse left menu bar. Restarting auto-hide countdown.
[2026-07-20 01:47:38 +0000] Mouse left menu bar. Restarting auto-hide countdown.
[2026-07-20 01:47:41 +0000] Mouse left menu bar. Restarting auto-hide countdown.
[2026-07-20 01:48:26 +0000] Global click on empty space detected at (583.7734375, 911.8984375). Expanding BBar.
[2026-07-20 01:48:26 +0000] Updating layout. isCollapsed = false
[2026-07-20 01:48:26 +0000] Chevron frame (expanded): Optional((0.0, -2.0, 13.0, 26.5))
[2026-07-20 01:48:26 +0000] Separator frame (expanded): Optional((0.0, -1.5, 22.0, 25.0))
[2026-07-20 01:48:26 +0000] Stopping global click monitor
[2026-07-20 01:48:26 +0000] Resetting auto-hide timer with delay: 5s
[2026-07-20 01:48:26 +0000] Invalidating auto-hide timer
[2026-07-20 01:48:26 +0000] Auto-hide suspended (mouse entering menu bar)
[2026-07-20 01:48:27 +0000] Mouse left menu bar. Restarting auto-hide countdown.
[2026-07-20 01:48:27 +0000] Resetting auto-hide timer with delay: 5s
[2026-07-20 01:48:32 +0000] Auto-hide timer fired. Collapsing bar.
[2026-07-20 01:48:32 +0000] Updating layout. isCollapsed = true
[2026-07-20 01:48:32 +0000] Chevron frame (collapsed): Optional((0.0, -2.0, 13.0, 26.5))
[2026-07-20 01:48:32 +0000] Separator frame (collapsed): Optional((0.0, -1.5, 1570.0, 25.0))
[2026-07-20 01:48:32 +0000] Starting global click monitor
[2026-07-20 01:48:32 +0000] Invalidating auto-hide timer
[2026-07-20 01:50:41 +0000] Mouse left menu bar. Restarting auto-hide countdown.
[2026-07-20 01:51:34 +0000] Mouse left menu bar. Restarting auto-hide countdown.
[2026-07-20 01:51:56 +0000] Mouse left menu bar. Restarting auto-hide countdown.
[2026-07-20 01:52:05 +0000] Mouse left menu bar. Restarting auto-hide countdown.
[2026-07-20 01:52:40 +0000] Mouse left menu bar. Restarting auto-hide countdown.
[2026-07-20 02:16:59 +0000] Mouse left menu bar. Restarting auto-hide countdown.
[2026-07-20 02:24:02 +0000] Mouse left menu bar. Restarting auto-hide countdown.
[2026-07-20 02:35:13 +0000] Mouse left menu bar. Restarting auto-hide countdown.
[2026-07-20 02:35:44 +0000] Mouse left menu bar. Restarting auto-hide countdown.
[2026-07-20 02:36:34 +0000] Mouse left menu bar. Restarting auto-hide countdown.
[2026-07-20 02:54:30 +0000] Mouse left menu bar. Restarting auto-hide countdown.
[2026-07-20 02:56:32 +0000] Mouse left menu bar. Restarting auto-hide countdown.
[2026-07-20 04:01:56 +0000] Mouse left menu bar. Restarting auto-hide countdown.
[2026-07-20 04:02:14 +0000] Mouse left menu bar. Restarting auto-hide countdown.
[2026-07-20 04:03:13 +0000] Mouse left menu bar. Restarting auto-hide countdown.
[2026-07-20 04:03:54 +0000] Mouse left menu bar. Restarting auto-hide countdown.
[2026-07-20 06:05:38 +0000] Mouse left menu bar. Restarting auto-hide countdown.
[2026-07-20 06:08:01 +0000] Mouse left menu bar. Restarting auto-hide countdown.
[2026-07-20 06:09:29 +0000] Mouse left menu bar. Restarting auto-hide countdown.
[2026-07-20 06:13:27 +0000] Mouse left menu bar. Restarting auto-hide countdown.
[2026-07-20 06:17:29 +0000] Mouse left menu bar. Restarting auto-hide countdown.
[2026-07-20 06:17:54 +0000] Mouse left menu bar. Restarting auto-hide countdown.
[2026-07-20 06:19:44 +0000] Mouse left menu bar. Restarting auto-hide countdown.
[2026-07-20 06:20:57 +0000] Mouse left menu bar. Restarting auto-hide countdown.
[2026-07-20 06:21:01 +0000] Mouse left menu bar. Restarting auto-hide countdown.
[2026-07-20 06:21:32 +0000] Mouse left menu bar. Restarting auto-hide countdown.
[2026-07-20 06:22:07 +0000] Mouse left menu bar. Restarting auto-hide countdown.
[2026-07-20 06:22:10 +0000] Mouse left menu bar. Restarting auto-hide countdown.
[2026-07-20 06:24:55 +0000] Mouse left menu bar. Restarting auto-hide countdown.
[2026-07-20 06:25:59 +0000] Global click on empty space detected at (694.7109375, 911.2421875). Expanding BBar.
[2026-07-20 06:25:59 +0000] Updating layout. isCollapsed = false
[2026-07-20 06:25:59 +0000] Chevron frame (expanded): Optional((0.0, -2.0, 13.0, 26.5))
[2026-07-20 06:25:59 +0000] Separator frame (expanded): Optional((0.0, -1.5, 22.0, 25.0))
[2026-07-20 06:25:59 +0000] Stopping global click monitor
[2026-07-20 06:25:59 +0000] Resetting auto-hide timer with delay: 5s
[2026-07-20 06:25:59 +0000] Invalidating auto-hide timer
[2026-07-20 06:25:59 +0000] Auto-hide suspended (mouse entering menu bar)
[2026-07-20 06:26:00 +0000] Mouse left menu bar. Restarting auto-hide countdown.
[2026-07-20 06:26:00 +0000] Resetting auto-hide timer with delay: 5s
[2026-07-20 06:26:05 +0000] Auto-hide timer fired. Collapsing bar.
[2026-07-20 06:26:05 +0000] Updating layout. isCollapsed = true
[2026-07-20 06:26:05 +0000] Chevron frame (collapsed): Optional((0.0, -2.0, 13.0, 26.5))
[2026-07-20 06:26:05 +0000] Separator frame (collapsed): Optional((0.0, -1.5, 1570.0, 25.0))
[2026-07-20 06:26:05 +0000] Starting global click monitor
[2026-07-20 06:26:05 +0000] Invalidating auto-hide timer
[2026-07-20 06:28:43 +0000] Mouse left menu bar. Restarting auto-hide countdown.
[2026-07-20 06:32:26 +0000] Mouse left menu bar. Restarting auto-hide countdown.
[2026-07-20 07:07:29 +0000] Mouse left menu bar. Restarting auto-hide countdown.
[2026-07-20 07:10:24 +0000] Mouse left menu bar. Restarting auto-hide countdown.
[2026-07-20 07:14:59 +0000] Mouse left menu bar. Restarting auto-hide countdown.
[2026-07-20 07:25:38 +0000] Mouse left menu bar. Restarting auto-hide countdown.
[2026-07-20 07:25:52 +0000] Mouse left menu bar. Restarting auto-hide countdown.
[2026-07-20 07:26:06 +0000] Global click on empty space detected at (575.3046875, 1962.1171875). Expanding BBar.
[2026-07-20 07:26:06 +0000] Global click on empty space detected at (575.3046875, 1962.1171875). Expanding BBar.
[2026-07-20 07:26:06 +0000] Updating layout. isCollapsed = false
[2026-07-20 07:26:06 +0000] Chevron frame (expanded): Optional((0.0, -2.0, 13.5, 26.5))
[2026-07-20 07:26:06 +0000] Separator frame (expanded): Optional((0.0, -1.5, 22.0, 25.0))
[2026-07-20 07:26:06 +0000] Stopping global click monitor
[2026-07-20 07:26:06 +0000] Resetting auto-hide timer with delay: 5s
[2026-07-20 07:26:06 +0000] Updating layout. isCollapsed = false
[2026-07-20 07:26:06 +0000] Chevron frame (expanded): Optional((0.0, -2.0, 13.5, 26.5))
[2026-07-20 07:26:06 +0000] Separator frame (expanded): Optional((0.0, -1.5, 22.0, 25.0))
[2026-07-20 07:26:06 +0000] Invalidating auto-hide timer
[2026-07-20 07:26:06 +0000] Resetting auto-hide timer with delay: 5s
[2026-07-20 07:26:06 +0000] Invalidating auto-hide timer
[2026-07-20 07:26:06 +0000] Auto-hide suspended (mouse entering menu bar)
[2026-07-20 07:26:07 +0000] Mouse left menu bar. Restarting auto-hide countdown.
[2026-07-20 07:26:07 +0000] Resetting auto-hide timer with delay: 5s
[2026-07-20 07:26:12 +0000] Auto-hide timer fired. Collapsing bar.
[2026-07-20 07:26:12 +0000] Updating layout. isCollapsed = true
[2026-07-20 07:26:12 +0000] Chevron frame (collapsed): Optional((0.0, -2.0, 13.5, 26.5))
[2026-07-20 07:26:12 +0000] Separator frame (collapsed): Optional((0.0, -1.5, 1780.0, 25.0))
[2026-07-20 07:26:12 +0000] Starting global click monitor
[2026-07-20 07:26:12 +0000] Invalidating auto-hide timer
[2026-07-20 07:26:15 +0000] Mouse left menu bar. Restarting auto-hide countdown.
[2026-07-20 07:26:28 +0000] Mouse left menu bar. Restarting auto-hide countdown.
[2026-07-20 07:27:24 +0000] Mouse left menu bar. Restarting auto-hide countdown.
[2026-07-20 07:29:08 +0000] Mouse left menu bar. Restarting auto-hide countdown.
[2026-07-20 07:31:35 +0000] Mouse left menu bar. Restarting auto-hide countdown.
[2026-07-20 07:32:54 +0000] Mouse left menu bar. Restarting auto-hide countdown.
[2026-07-20 07:33:43 +0000] Mouse left menu bar. Restarting auto-hide countdown.
[2026-07-20 07:34:24 +0000] Mouse left menu bar. Restarting auto-hide countdown.
[2026-07-20 07:34:57 +0000] Mouse left menu bar. Restarting auto-hide countdown.
[2026-07-20 07:36:43 +0000] Mouse left menu bar. Restarting auto-hide countdown.
[2026-07-20 07:39:45 +0000] Mouse left menu bar. Restarting auto-hide countdown.
[2026-07-20 07:40:07 +0000] Mouse left menu bar. Restarting auto-hide countdown.
[2026-07-20 07:40:37 +0000] Global click on empty space detected at (952.46875, 1966.1171875). Expanding BBar.
[2026-07-20 07:40:37 +0000] Global click on empty space detected at (952.46875, 1966.1171875). Expanding BBar.
[2026-07-20 07:40:37 +0000] Updating layout. isCollapsed = false
[2026-07-20 07:40:37 +0000] Chevron frame (expanded): Optional((0.0, -2.0, 13.5, 26.5))
[2026-07-20 07:40:37 +0000] Separator frame (expanded): Optional((0.0, -1.5, 22.0, 25.0))
[2026-07-20 07:40:37 +0000] Stopping global click monitor
[2026-07-20 07:40:37 +0000] Resetting auto-hide timer with delay: 5s
[2026-07-20 07:40:37 +0000] Updating layout. isCollapsed = false
[2026-07-20 07:40:37 +0000] Chevron frame (expanded): Optional((0.0, -2.0, 13.5, 26.5))
[2026-07-20 07:40:37 +0000] Separator frame (expanded): Optional((0.0, -1.5, 22.0, 25.0))
[2026-07-20 07:40:37 +0000] Invalidating auto-hide timer
[2026-07-20 07:40:37 +0000] Resetting auto-hide timer with delay: 5s
[2026-07-20 07:40:37 +0000] Invalidating auto-hide timer
[2026-07-20 07:40:37 +0000] Auto-hide suspended (mouse entering menu bar)
[2026-07-20 07:40:38 +0000] Mouse left menu bar. Restarting auto-hide countdown.
[2026-07-20 07:40:38 +0000] Resetting auto-hide timer with delay: 5s
[2026-07-20 07:40:43 +0000] Auto-hide timer fired. Collapsing bar.
[2026-07-20 07:40:43 +0000] Updating layout. isCollapsed = true
[2026-07-20 07:40:43 +0000] Chevron frame (collapsed): Optional((0.0, -2.0, 13.5, 26.5))
[2026-07-20 07:40:43 +0000] Separator frame (collapsed): Optional((0.0, -1.5, 1780.0, 25.0))
[2026-07-20 07:40:43 +0000] Starting global click monitor
[2026-07-20 07:40:43 +0000] Invalidating auto-hide timer
[2026-07-20 07:40:49 +0000] Mouse left menu bar. Restarting auto-hide countdown.
[2026-07-20 07:43:51 +0000] Mouse left menu bar. Restarting auto-hide countdown.
[2026-07-20 07:44:44 +0000] Mouse left menu bar. Restarting auto-hide countdown.
[2026-07-20 07:46:03 +0000] Mouse left menu bar. Restarting auto-hide countdown.
[2026-07-20 07:49:12 +0000] Mouse left menu bar. Restarting auto-hide countdown.
[2026-07-20 07:49:26 +0000] Mouse left menu bar. Restarting auto-hide countdown.
[2026-07-21 00:36:29 +0000] Mouse left menu bar. Restarting auto-hide countdown.
[2026-07-21 01:04:26 +0000] Mouse left menu bar. Restarting auto-hide countdown.
[2026-07-21 01:20:10 +0000] Mouse left menu bar. Restarting auto-hide countdown.
[2026-07-21 01:22:19 +0000] Mouse left menu bar. Restarting auto-hide countdown.
[2026-07-21 01:22:40 +0000] Mouse left menu bar. Restarting auto-hide countdown.
[2026-07-21 01:23:56 +0000] Mouse left menu bar. Restarting auto-hide countdown.
[2026-07-21 01:26:38 +0000] Mouse left menu bar. Restarting auto-hide countdown.
[2026-07-21 01:28:26 +0000] Mouse left menu bar. Restarting auto-hide countdown.
[2026-07-21 01:28:30 +0000] Mouse left menu bar. Restarting auto-hide countdown.
[2026-07-21 01:29:44 +0000] Mouse left menu bar. Restarting auto-hide countdown.
[2026-07-21 01:29:54 +0000] Mouse left menu bar. Restarting auto-hide countdown.
[2026-07-21 02:02:41 +0000] Mouse left menu bar. Restarting auto-hide countdown.
[2026-07-21 02:08:57 +0000] Mouse left menu bar. Restarting auto-hide countdown.
[2026-07-21 02:09:50 +0000] Mouse left menu bar. Restarting auto-hide countdown.
[2026-07-21 02:10:31 +0000] Mouse left menu bar. Restarting auto-hide countdown.
[2026-07-21 02:14:36 +0000] Global click on empty space detected at (1040.75, 931.96484375). Expanding BBar.
[2026-07-21 02:14:36 +0000] Updating layout. isCollapsed = false
[2026-07-21 02:14:36 +0000] Chevron frame (expanded): Optional((0.0, -2.0, 13.5, 26.5))
[2026-07-21 02:14:36 +0000] Separator frame (expanded): Optional((0.0, -1.5, 22.0, 25.0))
[2026-07-21 02:14:36 +0000] Stopping global click monitor
[2026-07-21 02:14:36 +0000] Resetting auto-hide timer with delay: 5s
[2026-07-21 02:14:36 +0000] Invalidating auto-hide timer
[2026-07-21 02:14:36 +0000] Auto-hide suspended (mouse entering menu bar)
[2026-07-21 02:14:39 +0000] Chevron button clicked
[2026-07-21 02:14:39 +0000] Updating layout. isCollapsed = true
[2026-07-21 02:14:39 +0000] Chevron frame (collapsed): Optional((0.0, -2.0, 13.0, 26.5))
[2026-07-21 02:14:39 +0000] Separator frame (collapsed): Optional((0.0, -1.5, 1570.0, 25.0))
[2026-07-21 02:14:39 +0000] Starting global click monitor
[2026-07-21 02:14:40 +0000] Mouse left menu bar. Restarting auto-hide countdown.
[2026-07-21 02:16:49 +0000] Mouse left menu bar. Restarting auto-hide countdown.
[2026-07-21 02:17:58 +0000] Mouse left menu bar. Restarting auto-hide countdown.
[2026-07-21 02:18:02 +0000] Mouse left menu bar. Restarting auto-hide countdown.
[2026-07-21 02:18:07 +0000] Mouse left menu bar. Restarting auto-hide countdown.
[2026-07-21 02:18:52 +0000] Mouse left menu bar. Restarting auto-hide countdown.
[2026-07-21 02:21:04 +0000] Mouse left menu bar. Restarting auto-hide countdown.
[2026-07-21 02:21:40 +0000] Mouse left menu bar. Restarting auto-hide countdown.
[2026-07-21 02:38:27 +0000] Mouse left menu bar. Restarting auto-hide countdown.
[2026-07-21 02:41:32 +0000] Mouse left menu bar. Restarting auto-hide countdown.
[2026-07-21 02:42:00 +0000] Mouse left menu bar. Restarting auto-hide countdown.
[2026-07-21 02:47:26 +0000] Mouse left menu bar. Restarting auto-hide countdown.
[2026-07-21 06:58:35 +0000] Global click on empty space detected at (856.66015625, 1962.0078125). Expanding BBar.
[2026-07-21 06:58:35 +0000] Global click on empty space detected at (856.66015625, 1962.0078125). Expanding BBar.
[2026-07-21 06:58:35 +0000] Updating layout. isCollapsed = false
[2026-07-21 06:58:35 +0000] Chevron frame (expanded): Optional((0.0, -2.0, 13.5, 26.5))
[2026-07-21 06:58:35 +0000] Separator frame (expanded): Optional((0.0, -1.5, 22.0, 25.0))
[2026-07-21 06:58:35 +0000] Stopping global click monitor
[2026-07-21 06:58:35 +0000] Resetting auto-hide timer with delay: 5s
[2026-07-21 06:58:35 +0000] Updating layout. isCollapsed = false
[2026-07-21 06:58:35 +0000] Chevron frame (expanded): Optional((0.0, -2.0, 13.5, 26.5))
[2026-07-21 06:58:35 +0000] Separator frame (expanded): Optional((0.0, -1.5, 22.0, 25.0))
[2026-07-21 06:58:35 +0000] Invalidating auto-hide timer
[2026-07-21 06:58:35 +0000] Resetting auto-hide timer with delay: 5s
[2026-07-21 06:58:35 +0000] Invalidating auto-hide timer
[2026-07-21 06:58:35 +0000] Auto-hide suspended (mouse entering menu bar)
[2026-07-21 06:58:36 +0000] Mouse left menu bar. Restarting auto-hide countdown.
[2026-07-21 06:58:36 +0000] Resetting auto-hide timer with delay: 5s
[2026-07-21 06:58:38 +0000] Invalidating auto-hide timer
[2026-07-21 06:58:38 +0000] Auto-hide suspended (mouse entering menu bar)
[2026-07-21 06:58:39 +0000] Chevron button clicked
[2026-07-21 06:58:39 +0000] Updating layout. isCollapsed = true
[2026-07-21 06:58:39 +0000] Chevron frame (collapsed): Optional((0.0, -2.0, 13.5, 26.5))
[2026-07-21 06:58:39 +0000] Separator frame (collapsed): Optional((0.0, -1.5, 1780.0, 25.0))
[2026-07-21 06:58:39 +0000] Starting global click monitor
[2026-07-21 06:58:39 +0000] Mouse left menu bar. Restarting auto-hide countdown.
[2026-07-21 06:58:40 +0000] Chevron button clicked
[2026-07-21 06:58:40 +0000] Updating layout. isCollapsed = false
[2026-07-21 06:58:40 +0000] Chevron frame (expanded): Optional((0.0, -2.0, 13.5, 26.5))
[2026-07-21 06:58:40 +0000] Separator frame (expanded): Optional((0.0, -1.5, 22.0, 25.0))
[2026-07-21 06:58:40 +0000] Stopping global click monitor
[2026-07-21 06:58:40 +0000] Resetting auto-hide timer with delay: 5s
[2026-07-21 06:58:41 +0000] Invalidating auto-hide timer
[2026-07-21 06:58:41 +0000] Auto-hide suspended (mouse entering menu bar)
[2026-07-21 06:58:41 +0000] Mouse left menu bar. Restarting auto-hide countdown.
[2026-07-21 06:58:41 +0000] Resetting auto-hide timer with delay: 5s
[2026-07-21 06:58:46 +0000] Auto-hide timer fired. Collapsing bar.
[2026-07-21 06:58:46 +0000] Updating layout. isCollapsed = true
[2026-07-21 06:58:46 +0000] Chevron frame (collapsed): Optional((0.0, -2.0, 13.5, 26.5))
[2026-07-21 06:58:46 +0000] Separator frame (collapsed): Optional((0.0, -1.5, 1780.0, 25.0))
[2026-07-21 06:58:46 +0000] Starting global click monitor
[2026-07-21 06:58:46 +0000] Invalidating auto-hide timer
[2026-07-21 06:58:48 +0000] Global click on empty space detected at (459.046875, 1962.4140625). Expanding BBar.
[2026-07-21 06:58:48 +0000] Global click on empty space detected at (459.046875, 1962.4140625). Expanding BBar.
[2026-07-21 06:58:48 +0000] Updating layout. isCollapsed = false
[2026-07-21 06:58:48 +0000] Chevron frame (expanded): Optional((0.0, -2.0, 13.5, 26.5))
[2026-07-21 06:58:48 +0000] Separator frame (expanded): Optional((0.0, -1.5, 22.0, 25.0))
[2026-07-21 06:58:48 +0000] Stopping global click monitor
[2026-07-21 06:58:48 +0000] Resetting auto-hide timer with delay: 5s
[2026-07-21 06:58:48 +0000] Updating layout. isCollapsed = false
[2026-07-21 06:58:48 +0000] Chevron frame (expanded): Optional((0.0, -2.0, 13.5, 26.5))
[2026-07-21 06:58:48 +0000] Separator frame (expanded): Optional((0.0, -1.5, 22.0, 25.0))
[2026-07-21 06:58:48 +0000] Invalidating auto-hide timer
[2026-07-21 06:58:48 +0000] Resetting auto-hide timer with delay: 5s
[2026-07-21 06:58:48 +0000] Mouse left menu bar. Restarting auto-hide countdown.
[2026-07-21 06:58:48 +0000] Invalidating auto-hide timer
[2026-07-21 06:58:48 +0000] Resetting auto-hide timer with delay: 5s
[2026-07-21 06:58:51 +0000] Invalidating auto-hide timer
[2026-07-21 06:58:51 +0000] Auto-hide suspended (mouse entering menu bar)
[2026-07-21 06:58:53 +0000] Mouse left menu bar. Restarting auto-hide countdown.
[2026-07-21 06:58:53 +0000] Resetting auto-hide timer with delay: 5s
[2026-07-21 06:58:58 +0000] Auto-hide timer fired. Collapsing bar.
[2026-07-21 06:58:58 +0000] Updating layout. isCollapsed = true
[2026-07-21 06:58:58 +0000] Chevron frame (collapsed): Optional((0.0, -2.0, 13.5, 26.5))
[2026-07-21 06:58:58 +0000] Separator frame (collapsed): Optional((0.0, -1.5, 1570.0, 25.0))
[2026-07-21 06:58:58 +0000] Starting global click monitor
[2026-07-21 06:58:58 +0000] Invalidating auto-hide timer
[2026-07-21 06:59:03 +0000] Mouse left menu bar. Restarting auto-hide countdown.
[2026-07-21 07:32:58 +0000] Mouse left menu bar. Restarting auto-hide countdown.
[2026-07-21 07:43:29 +0000] Mouse left menu bar. Restarting auto-hide countdown.
[2026-07-21 07:53:03 +0000] Mouse left menu bar. Restarting auto-hide countdown.
[2026-07-21 07:59:22 +0000] Mouse left menu bar. Restarting auto-hide countdown.
[2026-07-21 08:00:18 +0000] Mouse left menu bar. Restarting auto-hide countdown.
[2026-07-21 08:03:22 +0000] Mouse left menu bar. Restarting auto-hide countdown.
[2026-07-21 08:04:20 +0000] Mouse left menu bar. Restarting auto-hide countdown.
[2026-07-21 08:08:38 +0000] Mouse left menu bar. Restarting auto-hide countdown.
[2026-07-21 08:10:23 +0000] Mouse left menu bar. Restarting auto-hide countdown.
[2026-07-21 08:13:45 +0000] Mouse left menu bar. Restarting auto-hide countdown.
[2026-07-21 08:18:42 +0000] Mouse left menu bar. Restarting auto-hide countdown.
[2026-07-21 08:25:24 +0000] Mouse left menu bar. Restarting auto-hide countdown.
[2026-07-21 09:19:07 +0000] Mouse left menu bar. Restarting auto-hide countdown.
[2026-07-21 09:19:45 +0000] Mouse left menu bar. Restarting auto-hide countdown.
[2026-07-21 09:23:55 +0000] Mouse left menu bar. Restarting auto-hide countdown.
[2026-07-21 09:25:00 +0000] Global click on empty space detected at (773.5859375, 911.2890625). Expanding BBar.
[2026-07-21 09:25:00 +0000] Global click on empty space detected at (773.5859375, 911.2890625). Expanding BBar.
[2026-07-21 09:25:00 +0000] Updating layout. isCollapsed = false
[2026-07-21 09:25:00 +0000] Chevron frame (expanded): Optional((0.0, -2.0, 13.5, 26.5))
[2026-07-21 09:25:00 +0000] Separator frame (expanded): Optional((0.0, -1.5, 22.0, 25.0))
[2026-07-21 09:25:00 +0000] Stopping global click monitor
[2026-07-21 09:25:00 +0000] Resetting auto-hide timer with delay: 5s
[2026-07-21 09:25:00 +0000] Updating layout. isCollapsed = false
[2026-07-21 09:25:00 +0000] Chevron frame (expanded): Optional((0.0, -2.0, 13.0, 26.5))
[2026-07-21 09:25:00 +0000] Separator frame (expanded): Optional((0.0, -1.5, 22.0, 25.0))
[2026-07-21 09:25:00 +0000] Invalidating auto-hide timer
[2026-07-21 09:25:00 +0000] Resetting auto-hide timer with delay: 5s
[2026-07-21 09:25:05 +0000] Auto-hide timer fired, but mouse is in menu bar. Deferring.
[2026-07-21 09:25:05 +0000] Invalidating auto-hide timer
[2026-07-21 09:25:05 +0000] Resetting auto-hide timer with delay: 5s
[2026-07-21 09:25:10 +0000] Auto-hide timer fired. Collapsing bar.
[2026-07-21 09:25:10 +0000] Updating layout. isCollapsed = true
[2026-07-21 09:25:10 +0000] Chevron frame (collapsed): Optional((0.0, -2.0, 13.0, 26.5))
[2026-07-21 09:25:10 +0000] Separator frame (collapsed): Optional((0.0, -1.5, 1570.0, 25.0))
[2026-07-21 09:25:10 +0000] Starting global click monitor
[2026-07-21 09:25:10 +0000] Invalidating auto-hide timer
[2026-07-21 09:25:23 +0000] Mouse left menu bar. Restarting auto-hide countdown.
[2026-07-21 09:26:52 +0000] Mouse left menu bar. Restarting auto-hide countdown.
[2026-07-21 09:28:41 +0000] Mouse left menu bar. Restarting auto-hide countdown.
[2026-07-21 09:30:13 +0000] Mouse left menu bar. Restarting auto-hide countdown.
[2026-07-21 09:35:48 +0000] Mouse left menu bar. Restarting auto-hide countdown.
[2026-07-21 09:36:10 +0000] Mouse left menu bar. Restarting auto-hide countdown.
[2026-07-21 09:36:17 +0000] Mouse left menu bar. Restarting auto-hide countdown.
[2026-07-21 09:36:57 +0000] Mouse left menu bar. Restarting auto-hide countdown.
[2026-07-21 09:36:58 +0000] Mouse left menu bar. Restarting auto-hide countdown.
[2026-07-21 09:37:27 +0000] Mouse left menu bar. Restarting auto-hide countdown.
[2026-07-21 09:37:53 +0000] Mouse left menu bar. Restarting auto-hide countdown.
[2026-07-21 09:38:50 +0000] Mouse left menu bar. Restarting auto-hide countdown.
[2026-07-21 09:39:06 +0000] Mouse left menu bar. Restarting auto-hide countdown.
[2026-07-21 09:42:25 +0000] Mouse left menu bar. Restarting auto-hide countdown.
[2026-07-22 00:48:26 +0000] Mouse left menu bar. Restarting auto-hide countdown.
[2026-07-22 00:49:22 +0000] Mouse left menu bar. Restarting auto-hide countdown.
[2026-07-22 00:49:58 +0000] Mouse left menu bar. Restarting auto-hide countdown.
[2026-07-22 00:50:42 +0000] Mouse left menu bar. Restarting auto-hide countdown.
[2026-07-22 00:50:56 +0000] Global click on empty space detected at (1056.78515625, 935.23828125). Expanding BBar.
[2026-07-22 00:50:56 +0000] Global click on empty space detected at (1056.78515625, 935.23828125). Expanding BBar.
[2026-07-22 00:50:56 +0000] Updating layout. isCollapsed = false
[2026-07-22 00:50:56 +0000] Chevron frame (expanded): Optional((0.0, -2.0, 13.5, 26.5))
[2026-07-22 00:50:56 +0000] Separator frame (expanded): Optional((0.0, -1.5, 22.0, 25.0))
[2026-07-22 00:50:56 +0000] Stopping global click monitor
[2026-07-22 00:50:56 +0000] Resetting auto-hide timer with delay: 5s
[2026-07-22 00:50:56 +0000] Updating layout. isCollapsed = false
[2026-07-22 00:50:56 +0000] Chevron frame (expanded): Optional((0.0, -2.0, 13.0, 26.5))
[2026-07-22 00:50:56 +0000] Separator frame (expanded): Optional((0.0, -1.5, 22.0, 25.0))
[2026-07-22 00:50:56 +0000] Invalidating auto-hide timer
[2026-07-22 00:50:56 +0000] Resetting auto-hide timer with delay: 5s
[2026-07-22 00:50:57 +0000] Invalidating auto-hide timer
[2026-07-22 00:50:57 +0000] Auto-hide suspended (mouse entering menu bar)
[2026-07-22 00:50:59 +0000] Mouse left menu bar. Restarting auto-hide countdown.
[2026-07-22 00:50:59 +0000] Resetting auto-hide timer with delay: 5s
[2026-07-22 00:51:04 +0000] Auto-hide timer fired. Collapsing bar.
[2026-07-22 00:51:04 +0000] Updating layout. isCollapsed = true
[2026-07-22 00:51:04 +0000] Chevron frame (collapsed): Optional((0.0, -2.0, 13.0, 26.5))
[2026-07-22 00:51:04 +0000] Separator frame (collapsed): Optional((0.0, -1.5, 1570.0, 25.0))
[2026-07-22 00:51:04 +0000] Starting global click monitor
[2026-07-22 00:51:04 +0000] Invalidating auto-hide timer
[2026-07-22 00:54:15 +0000] Mouse left menu bar. Restarting auto-hide countdown.
[2026-07-22 00:54:16 +0000] Mouse left menu bar. Restarting auto-hide countdown.
[2026-07-22 00:56:26 +0000] Mouse left menu bar. Restarting auto-hide countdown.
[2026-07-22 00:57:56 +0000] Mouse left menu bar. Restarting auto-hide countdown.
[2026-07-22 01:03:54 +0000] Mouse left menu bar. Restarting auto-hide countdown.
[2026-07-22 01:05:34 +0000] Mouse left menu bar. Restarting auto-hide countdown.
[2026-07-22 01:05:55 +0000] Mouse left menu bar. Restarting auto-hide countdown.
[2026-07-22 01:06:29 +0000] Mouse left menu bar. Restarting auto-hide countdown.
[2026-07-22 01:07:44 +0000] Mouse left menu bar. Restarting auto-hide countdown.
[2026-07-22 01:10:37 +0000] Mouse left menu bar. Restarting auto-hide countdown.
[2026-07-22 01:19:44 +0000] Mouse left menu bar. Restarting auto-hide countdown.
[2026-07-22 02:03:41 +0000] Mouse left menu bar. Restarting auto-hide countdown.
[2026-07-22 02:41:18 +0000] Mouse left menu bar. Restarting auto-hide countdown.
[2026-07-22 02:41:35 +0000] Mouse left menu bar. Restarting auto-hide countdown.
[2026-07-22 02:44:02 +0000] Mouse left menu bar. Restarting auto-hide countdown.
[2026-07-22 02:46:31 +0000] Mouse left menu bar. Restarting auto-hide countdown.
[2026-07-22 02:49:17 +0000] Mouse left menu bar. Restarting auto-hide countdown.
[2026-07-22 03:52:13 +0000] Mouse left menu bar. Restarting auto-hide countdown.
[2026-07-22 03:53:20 +0000] Mouse left menu bar. Restarting auto-hide countdown.
[2026-07-22 06:21:29 +0000] Global click on empty space detected at (1037.43359375, 938.84375). Expanding BBar.
[2026-07-22 06:21:29 +0000] Global click on empty space detected at (1037.43359375, 938.84375). Expanding BBar.
[2026-07-22 06:21:29 +0000] Updating layout. isCollapsed = false
[2026-07-22 06:21:29 +0000] Chevron frame (expanded): Optional((0.0, -2.0, 13.5, 26.5))
[2026-07-22 06:21:29 +0000] Separator frame (expanded): Optional((0.0, -1.5, 22.0, 25.0))
[2026-07-22 06:21:29 +0000] Stopping global click monitor
[2026-07-22 06:21:29 +0000] Resetting auto-hide timer with delay: 5s
[2026-07-22 06:21:29 +0000] Updating layout. isCollapsed = false
[2026-07-22 06:21:29 +0000] Chevron frame (expanded): Optional((0.0, -2.0, 13.0, 26.5))
[2026-07-22 06:21:29 +0000] Separator frame (expanded): Optional((0.0, -1.5, 22.0, 25.0))
[2026-07-22 06:21:29 +0000] Invalidating auto-hide timer
[2026-07-22 06:21:29 +0000] Resetting auto-hide timer with delay: 5s
[2026-07-22 06:21:29 +0000] Invalidating auto-hide timer
[2026-07-22 06:21:29 +0000] Auto-hide suspended (mouse entering menu bar)
[2026-07-22 06:21:30 +0000] Mouse left menu bar. Restarting auto-hide countdown.
[2026-07-22 06:21:30 +0000] Resetting auto-hide timer with delay: 5s
[2026-07-22 06:21:35 +0000] Auto-hide timer fired. Collapsing bar.
[2026-07-22 06:21:35 +0000] Updating layout. isCollapsed = true
[2026-07-22 06:21:35 +0000] Chevron frame (collapsed): Optional((0.0, -2.0, 13.0, 26.5))
[2026-07-22 06:21:35 +0000] Separator frame (collapsed): Optional((0.0, -1.5, 1570.0, 25.0))
[2026-07-22 06:21:35 +0000] Starting global click monitor
[2026-07-22 06:21:35 +0000] Invalidating auto-hide timer
[2026-07-22 06:22:40 +0000] Mouse left menu bar. Restarting auto-hide countdown.
[2026-07-22 06:24:01 +0000] Mouse left menu bar. Restarting auto-hide countdown.
[2026-07-22 06:24:48 +0000] Mouse left menu bar. Restarting auto-hide countdown.
[2026-07-22 06:28:52 +0000] Mouse left menu bar. Restarting auto-hide countdown.
[2026-07-22 06:29:50 +0000] Mouse left menu bar. Restarting auto-hide countdown.
[2026-07-22 06:31:08 +0000] Mouse left menu bar. Restarting auto-hide countdown.
[2026-07-22 06:33:15 +0000] Mouse left menu bar. Restarting auto-hide countdown.
[2026-07-22 06:33:23 +0000] Global click on empty space detected at (1039.19921875, 954.2734375). Expanding BBar.
[2026-07-22 06:33:23 +0000] Global click on empty space detected at (1039.19921875, 954.2734375). Expanding BBar.
[2026-07-22 06:33:23 +0000] Updating layout. isCollapsed = false
[2026-07-22 06:33:23 +0000] Chevron frame (expanded): Optional((0.0, -2.0, 13.5, 26.5))
[2026-07-22 06:33:23 +0000] Separator frame (expanded): Optional((0.0, -1.5, 22.0, 25.0))
[2026-07-22 06:33:23 +0000] Stopping global click monitor
[2026-07-22 06:33:23 +0000] Resetting auto-hide timer with delay: 5s
[2026-07-22 06:33:23 +0000] Updating layout. isCollapsed = false
[2026-07-22 06:33:23 +0000] Chevron frame (expanded): Optional((0.0, -2.0, 13.5, 26.5))
[2026-07-22 06:33:23 +0000] Separator frame (expanded): Optional((0.0, -1.5, 22.0, 25.0))
[2026-07-22 06:33:23 +0000] Invalidating auto-hide timer
[2026-07-22 06:33:23 +0000] Resetting auto-hide timer with delay: 5s
[2026-07-22 06:33:23 +0000] Invalidating auto-hide timer
[2026-07-22 06:33:23 +0000] Auto-hide suspended (mouse entering menu bar)
[2026-07-22 06:33:26 +0000] Mouse left menu bar. Restarting auto-hide countdown.
[2026-07-22 06:33:26 +0000] Resetting auto-hide timer with delay: 5s
[2026-07-22 06:33:28 +0000] Invalidating auto-hide timer
[2026-07-22 06:33:28 +0000] Auto-hide suspended (mouse entering menu bar)
[2026-07-22 06:33:31 +0000] Mouse left menu bar. Restarting auto-hide countdown.
[2026-07-22 06:33:31 +0000] Resetting auto-hide timer with delay: 5s
[2026-07-22 06:33:35 +0000] Invalidating auto-hide timer
[2026-07-22 06:33:35 +0000] Auto-hide suspended (mouse entering menu bar)
[2026-07-22 06:33:37 +0000] Mouse left menu bar. Restarting auto-hide countdown.
[2026-07-22 06:33:37 +0000] Resetting auto-hide timer with delay: 5s
[2026-07-22 06:33:38 +0000] Invalidating auto-hide timer
[2026-07-22 06:33:38 +0000] Auto-hide suspended (mouse entering menu bar)
[2026-07-22 06:33:38 +0000] Chevron button clicked
[2026-07-22 06:33:38 +0000] Updating layout. isCollapsed = true
[2026-07-22 06:33:38 +0000] Chevron frame (collapsed): Optional((0.0, -2.0, 13.5, 26.5))
[2026-07-22 06:33:38 +0000] Separator frame (collapsed): Optional((0.0, -1.5, 1570.0, 25.0))
[2026-07-22 06:33:38 +0000] Starting global click monitor
[2026-07-22 06:33:40 +0000] Mouse left menu bar. Restarting auto-hide countdown.
[2026-07-22 06:33:42 +0000] Global click on empty space detected at (1040.41015625, 947.71875). Expanding BBar.
[2026-07-22 06:33:42 +0000] Global click on empty space detected at (1040.41015625, 947.71875). Expanding BBar.
[2026-07-22 06:33:42 +0000] Updating layout. isCollapsed = false
[2026-07-22 06:33:42 +0000] Chevron frame (expanded): Optional((0.0, -2.0, 13.5, 26.5))
[2026-07-22 06:33:42 +0000] Separator frame (expanded): Optional((0.0, -1.5, 22.0, 25.0))
[2026-07-22 06:33:42 +0000] Stopping global click monitor
[2026-07-22 06:33:42 +0000] Resetting auto-hide timer with delay: 5s
[2026-07-22 06:33:42 +0000] Updating layout. isCollapsed = false
[2026-07-22 06:33:42 +0000] Chevron frame (expanded): Optional((0.0, -2.0, 13.5, 26.5))
[2026-07-22 06:33:42 +0000] Separator frame (expanded): Optional((0.0, -1.5, 22.0, 25.0))
[2026-07-22 06:33:42 +0000] Invalidating auto-hide timer
[2026-07-22 06:33:42 +0000] Resetting auto-hide timer with delay: 5s
[2026-07-22 06:33:42 +0000] Invalidating auto-hide timer
[2026-07-22 06:33:42 +0000] Auto-hide suspended (mouse entering menu bar)
[2026-07-22 06:33:44 +0000] Mouse left menu bar. Restarting auto-hide countdown.
[2026-07-22 06:33:44 +0000] Resetting auto-hide timer with delay: 5s
[2026-07-22 06:33:46 +0000] Invalidating auto-hide timer
[2026-07-22 06:33:46 +0000] Auto-hide suspended (mouse entering menu bar)
[2026-07-22 06:33:46 +0000] Mouse left menu bar. Restarting auto-hide countdown.
[2026-07-22 06:33:46 +0000] Resetting auto-hide timer with delay: 5s
[2026-07-22 06:33:48 +0000] Invalidating auto-hide timer
[2026-07-22 06:33:48 +0000] Auto-hide suspended (mouse entering menu bar)
[2026-07-22 06:33:48 +0000] Mouse left menu bar. Restarting auto-hide countdown.
[2026-07-22 06:33:48 +0000] Resetting auto-hide timer with delay: 5s
[2026-07-22 06:33:49 +0000] Invalidating auto-hide timer
[2026-07-22 06:33:49 +0000] Auto-hide suspended (mouse entering menu bar)
[2026-07-22 06:33:50 +0000] Mouse left menu bar. Restarting auto-hide countdown.
[2026-07-22 06:33:50 +0000] Resetting auto-hide timer with delay: 5s
[2026-07-22 06:33:52 +0000] Invalidating auto-hide timer
[2026-07-22 06:33:52 +0000] Auto-hide suspended (mouse entering menu bar)
[2026-07-22 06:33:52 +0000] Mouse left menu bar. Restarting auto-hide countdown.
[2026-07-22 06:33:52 +0000] Resetting auto-hide timer with delay: 5s
[2026-07-22 06:33:55 +0000] Invalidating auto-hide timer
[2026-07-22 06:33:55 +0000] Auto-hide suspended (mouse entering menu bar)
[2026-07-22 06:33:57 +0000] Mouse left menu bar. Restarting auto-hide countdown.
[2026-07-22 06:33:57 +0000] Resetting auto-hide timer with delay: 5s
[2026-07-22 06:34:02 +0000] Auto-hide timer fired. Collapsing bar.
[2026-07-22 06:34:02 +0000] Updating layout. isCollapsed = true
[2026-07-22 06:34:02 +0000] Chevron frame (collapsed): Optional((0.0, -2.0, 13.5, 26.5))
[2026-07-22 06:34:02 +0000] Separator frame (collapsed): Optional((0.0, -1.5, 1570.0, 25.0))
[2026-07-22 06:34:02 +0000] Starting global click monitor
[2026-07-22 06:34:02 +0000] Invalidating auto-hide timer
[2026-07-22 06:35:40 +0000] Mouse left menu bar. Restarting auto-hide countdown.
[2026-07-22 07:07:19 +0000] Mouse left menu bar. Restarting auto-hide countdown.
[2026-07-22 07:07:49 +0000] Mouse left menu bar. Restarting auto-hide countdown.
[2026-07-22 07:18:20 +0000] Mouse left menu bar. Restarting auto-hide countdown.
[2026-07-22 07:21:16 +0000] Mouse left menu bar. Restarting auto-hide countdown.
[2026-07-22 07:21:20 +0000] Mouse left menu bar. Restarting auto-hide countdown.
[2026-07-22 07:21:24 +0000] Mouse left menu bar. Restarting auto-hide countdown.
[2026-07-22 07:23:57 +0000] Mouse left menu bar. Restarting auto-hide countdown.
[2026-07-22 07:23:59 +0000] Mouse left menu bar. Restarting auto-hide countdown.
[2026-07-22 07:25:19 +0000] Mouse left menu bar. Restarting auto-hide countdown.
[2026-07-22 07:31:38 +0000] Mouse left menu bar. Restarting auto-hide countdown.
[2026-07-22 07:39:45 +0000] Mouse left menu bar. Restarting auto-hide countdown.
[2026-07-23 00:33:36 +0000] Mouse left menu bar. Restarting auto-hide countdown.
[2026-07-23 00:34:02 +0000] Mouse left menu bar. Restarting auto-hide countdown.
[2026-07-23 00:40:15 +0000] Mouse left menu bar. Restarting auto-hide countdown.
[2026-07-23 00:40:35 +0000] Mouse left menu bar. Restarting auto-hide countdown.
[2026-07-23 00:40:36 +0000] Mouse left menu bar. Restarting auto-hide countdown.
[2026-07-23 00:40:39 +0000] Mouse left menu bar. Restarting auto-hide countdown.
[2026-07-23 00:40:41 +0000] Mouse left menu bar. Restarting auto-hide countdown.
[2026-07-23 00:40:47 +0000] Mouse left menu bar. Restarting auto-hide countdown.
[2026-07-23 00:43:33 +0000] Mouse left menu bar. Restarting auto-hide countdown.
[2026-07-23 00:43:42 +0000] Mouse left menu bar. Restarting auto-hide countdown.
[2026-07-23 00:51:03 +0000] Mouse left menu bar. Restarting auto-hide countdown.
[2026-07-23 00:55:20 +0000] Mouse left menu bar. Restarting auto-hide countdown.
[2026-07-23 01:13:01 +0000] Mouse left menu bar. Restarting auto-hide countdown.
[2026-07-23 01:13:04 +0000] Mouse left menu bar. Restarting auto-hide countdown.
[2026-07-23 01:31:54 +0000] Mouse left menu bar. Restarting auto-hide countdown.
[2026-07-23 01:35:09 +0000] Mouse left menu bar. Restarting auto-hide countdown.
[2026-07-23 01:41:54 +0000] Mouse left menu bar. Restarting auto-hide countdown.
[2026-07-23 01:42:09 +0000] Mouse left menu bar. Restarting auto-hide countdown.
[2026-07-23 01:59:09 +0000] Mouse left menu bar. Restarting auto-hide countdown.
[2026-07-23 02:18:20 +0000] Mouse left menu bar. Restarting auto-hide countdown.
[2026-07-23 02:20:42 +0000] Mouse left menu bar. Restarting auto-hide countdown.
[2026-07-23 02:20:57 +0000] Global click on empty space detected at (1050.5078125, 932.59375). Expanding BBar.
[2026-07-23 02:20:57 +0000] Global click on empty space detected at (1050.5078125, 932.59375). Expanding BBar.
[2026-07-23 02:20:57 +0000] Updating layout. isCollapsed = false
[2026-07-23 02:20:57 +0000] Chevron frame (expanded): Optional((0.0, -2.0, 13.5, 26.5))
[2026-07-23 02:20:57 +0000] Separator frame (expanded): Optional((0.0, -1.5, 22.0, 25.0))
[2026-07-23 02:20:57 +0000] Stopping global click monitor
[2026-07-23 02:20:57 +0000] Resetting auto-hide timer with delay: 5s
[2026-07-23 02:20:57 +0000] Updating layout. isCollapsed = false
[2026-07-23 02:20:57 +0000] Chevron frame (expanded): Optional((0.0, -2.0, 13.0, 26.5))
[2026-07-23 02:20:57 +0000] Separator frame (expanded): Optional((0.0, -1.5, 22.0, 25.0))
[2026-07-23 02:20:57 +0000] Invalidating auto-hide timer
[2026-07-23 02:20:57 +0000] Resetting auto-hide timer with delay: 5s
[2026-07-23 02:20:58 +0000] Invalidating auto-hide timer
[2026-07-23 02:20:58 +0000] Auto-hide suspended (mouse entering menu bar)
[2026-07-23 02:21:00 +0000] Mouse left menu bar. Restarting auto-hide countdown.
[2026-07-23 02:21:00 +0000] Resetting auto-hide timer with delay: 5s
[2026-07-23 02:21:05 +0000] Auto-hide timer fired. Collapsing bar.
[2026-07-23 02:21:05 +0000] Updating layout. isCollapsed = true
[2026-07-23 02:21:05 +0000] Chevron frame (collapsed): Optional((0.0, -2.0, 13.0, 26.5))
[2026-07-23 02:21:05 +0000] Separator frame (collapsed): Optional((0.0, -1.5, 1570.0, 25.0))
[2026-07-23 02:21:05 +0000] Starting global click monitor
[2026-07-23 02:21:05 +0000] Invalidating auto-hide timer
[2026-07-23 02:25:57 +0000] Mouse left menu bar. Restarting auto-hide countdown.
[2026-07-23 02:25:58 +0000] Mouse left menu bar. Restarting auto-hide countdown.
[2026-07-23 02:28:26 +0000] Mouse left menu bar. Restarting auto-hide countdown.
[2026-07-23 02:30:06 +0000] Global click on empty space detected at (337.11328125, 1961.7265625). Expanding BBar.
[2026-07-23 02:30:06 +0000] Updating layout. isCollapsed = false
[2026-07-23 02:30:06 +0000] Chevron frame (expanded): Optional((0.0, -2.0, 13.5, 26.5))
[2026-07-23 02:30:06 +0000] Separator frame (expanded): Optional((0.0, -1.5, 22.0, 25.0))
[2026-07-23 02:30:06 +0000] Stopping global click monitor
[2026-07-23 02:30:06 +0000] Resetting auto-hide timer with delay: 5s
[2026-07-23 02:30:06 +0000] Invalidating auto-hide timer
[2026-07-23 02:30:06 +0000] Auto-hide suspended (mouse entering menu bar)
[2026-07-23 02:30:07 +0000] Mouse left menu bar. Restarting auto-hide countdown.
[2026-07-23 02:30:07 +0000] Resetting auto-hide timer with delay: 5s
[2026-07-23 02:30:12 +0000] Auto-hide timer fired. Collapsing bar.
[2026-07-23 02:30:12 +0000] Updating layout. isCollapsed = true
[2026-07-23 02:30:12 +0000] Chevron frame (collapsed): Optional((0.0, -2.0, 13.5, 26.5))
[2026-07-23 02:30:12 +0000] Separator frame (collapsed): Optional((0.0, -1.5, 1780.0, 25.0))
[2026-07-23 02:30:12 +0000] Starting global click monitor
[2026-07-23 02:30:12 +0000] Invalidating auto-hide timer
[2026-07-23 02:30:22 +0000] Mouse left menu bar. Restarting auto-hide countdown.
[2026-07-23 02:31:35 +0000] Global click on empty space detected at (708.31640625, 1961.09765625). Expanding BBar.
[2026-07-23 02:31:35 +0000] Global click on empty space detected at (708.31640625, 1961.09765625). Expanding BBar.
[2026-07-23 02:31:35 +0000] Updating layout. isCollapsed = false
[2026-07-23 02:31:35 +0000] Chevron frame (expanded): Optional((0.0, -2.0, 13.5, 26.5))
[2026-07-23 02:31:35 +0000] Separator frame (expanded): Optional((0.0, -1.5, 22.0, 25.0))
[2026-07-23 02:31:35 +0000] Stopping global click monitor
[2026-07-23 02:31:35 +0000] Resetting auto-hide timer with delay: 5s
[2026-07-23 02:31:35 +0000] Updating layout. isCollapsed = false
[2026-07-23 02:31:35 +0000] Chevron frame (expanded): Optional((0.0, -2.0, 13.0, 26.5))
[2026-07-23 02:31:35 +0000] Separator frame (expanded): Optional((0.0, -1.5, 22.0, 25.0))
[2026-07-23 02:31:35 +0000] Invalidating auto-hide timer
[2026-07-23 02:31:35 +0000] Resetting auto-hide timer with delay: 5s
[2026-07-23 02:31:35 +0000] Invalidating auto-hide timer
[2026-07-23 02:31:35 +0000] Auto-hide suspended (mouse entering menu bar)
[2026-07-23 02:31:35 +0000] Mouse left menu bar. Restarting auto-hide countdown.
[2026-07-23 02:31:35 +0000] Resetting auto-hide timer with delay: 5s
[2026-07-23 02:31:40 +0000] Auto-hide timer fired. Collapsing bar.
[2026-07-23 02:31:40 +0000] Updating layout. isCollapsed = true
[2026-07-23 02:31:40 +0000] Chevron frame (collapsed): Optional((0.0, -2.0, 13.5, 26.5))
[2026-07-23 02:31:40 +0000] Separator frame (collapsed): Optional((0.0, -1.5, 1570.0, 25.0))
[2026-07-23 02:31:40 +0000] Starting global click monitor
[2026-07-23 02:31:40 +0000] Invalidating auto-hide timer
[2026-07-23 02:36:52 +0000] Mouse left menu bar. Restarting auto-hide countdown.
[2026-07-23 02:39:58 +0000] Mouse left menu bar. Restarting auto-hide countdown.
[2026-07-23 02:42:52 +0000] Mouse left menu bar. Restarting auto-hide countdown.
[2026-07-23 02:43:06 +0000] Global click on empty space detected at (626.96484375, 1966.39453125). Expanding BBar.
[2026-07-23 02:43:06 +0000] Global click on empty space detected at (626.96484375, 1966.39453125). Expanding BBar.
[2026-07-23 02:43:06 +0000] Updating layout. isCollapsed = false
[2026-07-23 02:43:06 +0000] Chevron frame (expanded): Optional((0.0, -2.0, 13.5, 26.5))
[2026-07-23 02:43:06 +0000] Separator frame (expanded): Optional((0.0, -1.5, 22.0, 25.0))
[2026-07-23 02:43:06 +0000] Stopping global click monitor
[2026-07-23 02:43:06 +0000] Resetting auto-hide timer with delay: 5s
[2026-07-23 02:43:06 +0000] Updating layout. isCollapsed = false
[2026-07-23 02:43:06 +0000] Chevron frame (expanded): Optional((0.0, -2.0, 13.5, 26.5))
[2026-07-23 02:43:06 +0000] Separator frame (expanded): Optional((0.0, -1.5, 22.0, 25.0))
[2026-07-23 02:43:06 +0000] Invalidating auto-hide timer
[2026-07-23 02:43:06 +0000] Resetting auto-hide timer with delay: 5s
[2026-07-23 02:43:07 +0000] Invalidating auto-hide timer
[2026-07-23 02:43:07 +0000] Auto-hide suspended (mouse entering menu bar)
[2026-07-23 02:43:07 +0000] Mouse left menu bar. Restarting auto-hide countdown.
[2026-07-23 02:43:07 +0000] Resetting auto-hide timer with delay: 5s
[2026-07-23 02:43:12 +0000] Auto-hide timer fired. Collapsing bar.
[2026-07-23 02:43:12 +0000] Updating layout. isCollapsed = true
[2026-07-23 02:43:12 +0000] Chevron frame (collapsed): Optional((0.0, -2.0, 13.5, 26.5))
[2026-07-23 02:43:12 +0000] Separator frame (collapsed): Optional((0.0, -1.5, 1780.0, 25.0))
[2026-07-23 02:43:12 +0000] Starting global click monitor
[2026-07-23 02:43:12 +0000] Invalidating auto-hide timer
[2026-07-23 02:44:32 +0000] Mouse left menu bar. Restarting auto-hide countdown.
[2026-07-23 02:44:53 +0000] Mouse left menu bar. Restarting auto-hide countdown.
[2026-07-23 02:51:13 +0000] Mouse left menu bar. Restarting auto-hide countdown.
[2026-07-23 02:51:40 +0000] Mouse left menu bar. Restarting auto-hide countdown.
[2026-07-23 02:51:55 +0000] Global click on empty space detected at (395.47265625, 1962.0859375). Expanding BBar.
[2026-07-23 02:51:55 +0000] Global click on empty space detected at (395.47265625, 1962.0859375). Expanding BBar.
[2026-07-23 02:51:55 +0000] Updating layout. isCollapsed = false
[2026-07-23 02:51:55 +0000] Chevron frame (expanded): Optional((0.0, -2.0, 13.5, 26.5))
[2026-07-23 02:51:55 +0000] Separator frame (expanded): Optional((0.0, -1.5, 22.0, 25.0))
[2026-07-23 02:51:55 +0000] Stopping global click monitor
[2026-07-23 02:51:55 +0000] Resetting auto-hide timer with delay: 5s
[2026-07-23 02:51:55 +0000] Updating layout. isCollapsed = false
[2026-07-23 02:51:55 +0000] Chevron frame (expanded): Optional((0.0, -2.0, 13.5, 26.5))
[2026-07-23 02:51:55 +0000] Separator frame (expanded): Optional((0.0, -1.5, 22.0, 25.0))
[2026-07-23 02:51:55 +0000] Invalidating auto-hide timer
[2026-07-23 02:51:55 +0000] Resetting auto-hide timer with delay: 5s
[2026-07-23 02:51:55 +0000] Mouse left menu bar. Restarting auto-hide countdown.
[2026-07-23 02:51:55 +0000] Invalidating auto-hide timer
[2026-07-23 02:51:55 +0000] Resetting auto-hide timer with delay: 5s
[2026-07-23 02:52:00 +0000] Auto-hide timer fired. Collapsing bar.
[2026-07-23 02:52:00 +0000] Updating layout. isCollapsed = true
[2026-07-23 02:52:00 +0000] Chevron frame (collapsed): Optional((0.0, -2.0, 13.5, 26.5))
[2026-07-23 02:52:00 +0000] Separator frame (collapsed): Optional((0.0, -1.5, 1780.0, 25.0))
[2026-07-23 02:52:00 +0000] Starting global click monitor
[2026-07-23 02:52:00 +0000] Invalidating auto-hide timer
[2026-07-23 02:52:17 +0000] Mouse left menu bar. Restarting auto-hide countdown.
[2026-07-23 02:52:21 +0000] Mouse left menu bar. Restarting auto-hide countdown.
[2026-07-23 02:52:24 +0000] Mouse left menu bar. Restarting auto-hide countdown.
[2026-07-23 02:52:35 +0000] Mouse left menu bar. Restarting auto-hide countdown.
[2026-07-23 02:55:08 +0000] Mouse left menu bar. Restarting auto-hide countdown.
[2026-07-23 02:55:20 +0000] Mouse left menu bar. Restarting auto-hide countdown.
[2026-07-23 02:59:20 +0000] Mouse left menu bar. Restarting auto-hide countdown.
[2026-07-23 06:10:33 +0000] Mouse left menu bar. Restarting auto-hide countdown.
[2026-07-23 06:14:11 +0000] Mouse left menu bar. Restarting auto-hide countdown.
[2026-07-23 06:14:58 +0000] Mouse left menu bar. Restarting auto-hide countdown.
[2026-07-23 06:30:30 +0000] Mouse left menu bar. Restarting auto-hide countdown.
[2026-07-23 06:32:22 +0000] Mouse left menu bar. Restarting auto-hide countdown.
[2026-07-23 06:32:23 +0000] Mouse left menu bar. Restarting auto-hide countdown.
[2026-07-23 06:32:29 +0000] Mouse left menu bar. Restarting auto-hide countdown.
[2026-07-23 06:32:44 +0000] Mouse left menu bar. Restarting auto-hide countdown.
[2026-07-23 06:32:57 +0000] Mouse left menu bar. Restarting auto-hide countdown.
[2026-07-23 06:33:42 +0000] Mouse left menu bar. Restarting auto-hide countdown.
[2026-07-23 06:34:22 +0000] Mouse left menu bar. Restarting auto-hide countdown.
[2026-07-23 06:35:19 +0000] Mouse left menu bar. Restarting auto-hide countdown.
[2026-07-23 06:35:50 +0000] Mouse left menu bar. Restarting auto-hide countdown.
[2026-07-23 06:37:44 +0000] Mouse left menu bar. Restarting auto-hide countdown.
[2026-07-23 06:37:48 +0000] Mouse left menu bar. Restarting auto-hide countdown.
[2026-07-23 06:38:25 +0000] Mouse left menu bar. Restarting auto-hide countdown.
[2026-07-23 06:38:34 +0000] Mouse left menu bar. Restarting auto-hide countdown.
[2026-07-23 06:39:05 +0000] Mouse left menu bar. Restarting auto-hide countdown.
[2026-07-23 06:39:52 +0000] Mouse left menu bar. Restarting auto-hide countdown.
[2026-07-23 06:40:10 +0000] Mouse left menu bar. Restarting auto-hide countdown.
[2026-07-23 06:40:38 +0000] Mouse left menu bar. Restarting auto-hide countdown.
[2026-07-23 06:42:03 +0000] Mouse left menu bar. Restarting auto-hide countdown.
[2026-07-23 06:42:17 +0000] Mouse left menu bar. Restarting auto-hide countdown.
[2026-07-23 06:44:43 +0000] Mouse left menu bar. Restarting auto-hide countdown.
[2026-07-23 06:44:45 +0000] Mouse left menu bar. Restarting auto-hide countdown.
[2026-07-23 06:48:16 +0000] Mouse left menu bar. Restarting auto-hide countdown.
[2026-07-23 06:48:46 +0000] Mouse left menu bar. Restarting auto-hide countdown.
[2026-07-23 06:52:48 +0000] Mouse left menu bar. Restarting auto-hide countdown.
[2026-07-23 06:52:50 +0000] Chevron button clicked
[2026-07-23 06:52:50 +0000] Updating layout. isCollapsed = false
[2026-07-23 06:52:50 +0000] Chevron frame (expanded): Optional((0.0, -2.0, 13.5, 26.5))
[2026-07-23 06:52:50 +0000] Separator frame (expanded): Optional((0.0, -1.5, 22.0, 25.0))
[2026-07-23 06:52:50 +0000] Stopping global click monitor
[2026-07-23 06:52:50 +0000] Resetting auto-hide timer with delay: 5s
[2026-07-23 06:52:51 +0000] Invalidating auto-hide timer
[2026-07-23 06:52:51 +0000] Auto-hide suspended (mouse entering menu bar)
[2026-07-23 06:52:52 +0000] Chevron button clicked
[2026-07-23 06:52:52 +0000] Updating layout. isCollapsed = true
[2026-07-23 06:52:52 +0000] Chevron frame (collapsed): Optional((0.0, -2.0, 13.0, 26.5))
[2026-07-23 06:52:52 +0000] Separator frame (collapsed): Optional((0.0, -1.5, 1570.0, 25.0))
[2026-07-23 06:52:52 +0000] Starting global click monitor
[2026-07-23 06:52:53 +0000] Chevron button clicked
[2026-07-23 06:52:53 +0000] Updating layout. isCollapsed = false
[2026-07-23 06:52:53 +0000] Chevron frame (expanded): Optional((0.0, -2.0, 13.0, 26.5))
[2026-07-23 06:52:53 +0000] Separator frame (expanded): Optional((0.0, -1.5, 22.0, 25.0))
[2026-07-23 06:52:53 +0000] Stopping global click monitor
[2026-07-23 06:52:53 +0000] Resetting auto-hide timer with delay: 5s
[2026-07-23 06:52:53 +0000] Invalidating auto-hide timer
[2026-07-23 06:52:53 +0000] Auto-hide suspended (mouse entering menu bar)
[2026-07-23 06:52:57 +0000] Chevron button clicked
[2026-07-23 06:52:57 +0000] Updating layout. isCollapsed = true
[2026-07-23 06:52:57 +0000] Chevron frame (collapsed): Optional((0.0, -2.0, 13.0, 26.5))
[2026-07-23 06:52:57 +0000] Separator frame (collapsed): Optional((0.0, -1.5, 1570.0, 25.0))
[2026-07-23 06:52:57 +0000] Starting global click monitor
[2026-07-23 06:52:58 +0000] Chevron button clicked
[2026-07-23 06:52:58 +0000] Updating layout. isCollapsed = false
[2026-07-23 06:52:58 +0000] Chevron frame (expanded): Optional((0.0, -2.0, 13.0, 26.5))
[2026-07-23 06:52:58 +0000] Separator frame (expanded): Optional((0.0, -1.5, 22.0, 25.0))
[2026-07-23 06:52:58 +0000] Stopping global click monitor
[2026-07-23 06:52:58 +0000] Resetting auto-hide timer with delay: 5s
[2026-07-23 06:52:58 +0000] Invalidating auto-hide timer
[2026-07-23 06:52:58 +0000] Auto-hide suspended (mouse entering menu bar)
[2026-07-23 06:52:59 +0000] Separator button clicked directly
[2026-07-23 06:52:59 +0000] Updating layout. isCollapsed = true
[2026-07-23 06:52:59 +0000] Chevron frame (collapsed): Optional((0.0, -2.0, 13.0, 26.5))
[2026-07-23 06:52:59 +0000] Separator frame (collapsed): Optional((0.0, -1.5, 1570.0, 25.0))
[2026-07-23 06:52:59 +0000] Starting global click monitor
[2026-07-23 06:52:59 +0000] Global click on empty space detected at (1047.671875, 933.0625). Expanding BBar.
[2026-07-23 06:52:59 +0000] Updating layout. isCollapsed = false
[2026-07-23 06:52:59 +0000] Chevron frame (expanded): Optional((0.0, -2.0, 13.0, 26.5))
[2026-07-23 06:52:59 +0000] Separator frame (expanded): Optional((0.0, -1.5, 22.0, 25.0))
[2026-07-23 06:52:59 +0000] Stopping global click monitor
[2026-07-23 06:52:59 +0000] Resetting auto-hide timer with delay: 5s
[2026-07-23 06:52:59 +0000] Invalidating auto-hide timer
[2026-07-23 06:52:59 +0000] Auto-hide suspended (mouse entering menu bar)
[2026-07-23 06:53:01 +0000] Separator button clicked directly
[2026-07-23 06:53:01 +0000] Updating layout. isCollapsed = true
[2026-07-23 06:53:01 +0000] Chevron frame (collapsed): Optional((0.0, -2.0, 13.0, 26.5))
[2026-07-23 06:53:01 +0000] Separator frame (collapsed): Optional((0.0, -1.5, 1570.0, 25.0))
[2026-07-23 06:53:01 +0000] Starting global click monitor
[2026-07-23 06:53:02 +0000] Global click on empty space detected at (873.109375, 937.99609375). Expanding BBar.
[2026-07-23 06:53:02 +0000] Updating layout. isCollapsed = false
[2026-07-23 06:53:02 +0000] Chevron frame (expanded): Optional((0.0, -2.0, 13.0, 26.5))
[2026-07-23 06:53:02 +0000] Separator frame (expanded): Optional((0.0, -1.5, 22.0, 25.0))
[2026-07-23 06:53:02 +0000] Stopping global click monitor
[2026-07-23 06:53:02 +0000] Resetting auto-hide timer with delay: 5s
[2026-07-23 06:53:02 +0000] Invalidating auto-hide timer
[2026-07-23 06:53:02 +0000] Auto-hide suspended (mouse entering menu bar)
[2026-07-23 06:53:11 +0000] Chevron button clicked
[2026-07-23 06:53:11 +0000] Updating layout. isCollapsed = true
[2026-07-23 06:53:11 +0000] Chevron frame (collapsed): Optional((0.0, -2.0, 13.0, 26.5))
[2026-07-23 06:53:11 +0000] Separator frame (collapsed): Optional((0.0, -1.5, 1570.0, 25.0))
[2026-07-23 06:53:11 +0000] Starting global click monitor
[2026-07-23 06:53:14 +0000] Global click on empty space detected at (924.296875, 935.87109375). Expanding BBar.
[2026-07-23 06:53:14 +0000] Updating layout. isCollapsed = false
[2026-07-23 06:53:14 +0000] Chevron frame (expanded): Optional((0.0, -2.0, 13.0, 26.5))
[2026-07-23 06:53:14 +0000] Separator frame (expanded): Optional((0.0, -1.5, 22.0, 25.0))
[2026-07-23 06:53:14 +0000] Stopping global click monitor
[2026-07-23 06:53:14 +0000] Resetting auto-hide timer with delay: 5s
[2026-07-23 06:53:14 +0000] Mouse left menu bar. Restarting auto-hide countdown.
[2026-07-23 06:53:14 +0000] Invalidating auto-hide timer
[2026-07-23 06:53:14 +0000] Resetting auto-hide timer with delay: 5s
[2026-07-23 06:53:19 +0000] Auto-hide timer fired. Collapsing bar.
[2026-07-23 06:53:19 +0000] Updating layout. isCollapsed = true
[2026-07-23 06:53:19 +0000] Chevron frame (collapsed): Optional((0.0, -2.0, 13.0, 26.5))
[2026-07-23 06:53:19 +0000] Separator frame (collapsed): Optional((0.0, -1.5, 1570.0, 25.0))
[2026-07-23 06:53:19 +0000] Starting global click monitor
[2026-07-23 06:53:19 +0000] Invalidating auto-hide timer
[2026-07-23 06:54:12 +0000] Mouse left menu bar. Restarting auto-hide countdown.
[2026-07-23 06:55:14 +0000] Mouse left menu bar. Restarting auto-hide countdown.
[2026-07-23 06:57:27 +0000] Mouse left menu bar. Restarting auto-hide countdown.
[2026-07-23 06:58:21 +0000] Mouse left menu bar. Restarting auto-hide countdown.
[2026-07-23 06:59:15 +0000] Mouse left menu bar. Restarting auto-hide countdown.
[2026-07-23 07:00:29 +0000] Mouse left menu bar. Restarting auto-hide countdown.
[2026-07-23 07:00:40 +0000] Mouse left menu bar. Restarting auto-hide countdown.
[2026-07-23 07:02:45 +0000] Mouse left menu bar. Restarting auto-hide countdown.
[2026-07-23 07:07:31 +0000] Mouse left menu bar. Restarting auto-hide countdown.
[2026-07-23 07:08:15 +0000] Mouse left menu bar. Restarting auto-hide countdown.
[2026-07-23 07:18:35 +0000] Mouse left menu bar. Restarting auto-hide countdown.
[2026-07-23 07:24:35 +0000] Mouse left menu bar. Restarting auto-hide countdown.
[2026-07-23 07:24:49 +0000] Mouse left menu bar. Restarting auto-hide countdown.
[2026-07-23 07:25:00 +0000] Mouse left menu bar. Restarting auto-hide countdown.
[2026-07-23 07:25:09 +0000] Mouse left menu bar. Restarting auto-hide countdown.
[2026-07-23 07:25:15 +0000] Mouse left menu bar. Restarting auto-hide countdown.
[2026-07-23 07:25:29 +0000] Mouse left menu bar. Restarting auto-hide countdown.
[2026-07-23 07:25:38 +0000] Mouse left menu bar. Restarting auto-hide countdown.
[2026-07-23 07:25:47 +0000] Mouse left menu bar. Restarting auto-hide countdown.
[2026-07-23 07:26:13 +0000] Mouse left menu bar. Restarting auto-hide countdown.
[2026-07-23 07:26:29 +0000] Chevron button clicked
[2026-07-23 07:26:29 +0000] Updating layout. isCollapsed = false
[2026-07-23 07:26:29 +0000] Chevron frame (expanded): Optional((0.0, -2.0, 13.0, 26.5))
[2026-07-23 07:26:29 +0000] Separator frame (expanded): Optional((0.0, -1.5, 22.0, 25.0))
[2026-07-23 07:26:29 +0000] Stopping global click monitor
[2026-07-23 07:26:29 +0000] Resetting auto-hide timer with delay: 5s
[2026-07-23 07:26:30 +0000] Invalidating auto-hide timer
[2026-07-23 07:26:30 +0000] Auto-hide suspended (mouse entering menu bar)
[2026-07-23 07:26:32 +0000] Chevron button clicked
[2026-07-23 07:26:32 +0000] Updating layout. isCollapsed = true
[2026-07-23 07:26:32 +0000] Chevron frame (collapsed): Optional((0.0, -2.0, 13.0, 26.5))
[2026-07-23 07:26:32 +0000] Separator frame (collapsed): Optional((0.0, -1.5, 1570.0, 25.0))
[2026-07-23 07:26:32 +0000] Starting global click monitor
[2026-07-23 07:26:34 +0000] Mouse left menu bar. Restarting auto-hide countdown.
[2026-07-23 07:26:50 +0000] Mouse left menu bar. Restarting auto-hide countdown.
[2026-07-23 07:26:54 +0000] Mouse left menu bar. Restarting auto-hide countdown.
[2026-07-23 07:28:11 +0000] Application did finish launching
[2026-07-23 07:28:11 +0000] Updating layout. isCollapsed = true
[2026-07-23 07:28:11 +0000] Chevron frame (collapsed): Optional((0.0, -2.0, 13.0, 26.5))
[2026-07-23 07:28:11 +0000] Separator frame (collapsed): Optional((0.0, -1.5, 1570.0, 25.0))
[2026-07-23 07:28:11 +0000] Starting global click monitor
[2026-07-23 07:28:14 +0000] Chevron button clicked
[2026-07-23 07:28:14 +0000] Mouse left menu bar. Restarting auto-hide countdown.
[2026-07-23 07:28:15 +0000] Opening settings window
[2026-07-23 07:28:17 +0000] Launch at login enabled via settings
[2026-07-23 07:28:21 +0000] Mouse left menu bar. Restarting auto-hide countdown.
[2026-07-23 07:28:38 +0000] Mouse left menu bar. Restarting auto-hide countdown.
[2026-07-23 07:29:12 +0000] Mouse left menu bar. Restarting auto-hide countdown.
[2026-07-23 07:29:13 +0000] Global click on empty space detected at (621.05859375, 911.39453125). Expanding BBar.
[2026-07-23 07:29:13 +0000] Updating layout. isCollapsed = false
[2026-07-23 07:29:13 +0000] Chevron frame (expanded): Optional((0.0, -2.0, 13.0, 26.5))
[2026-07-23 07:29:13 +0000] Separator frame (expanded): Optional((0.0, -1.5, 22.0, 25.0))
[2026-07-23 07:29:13 +0000] Stopping global click monitor
[2026-07-23 07:29:13 +0000] Resetting auto-hide timer with delay: 5s
[2026-07-23 07:29:14 +0000] Invalidating auto-hide timer
[2026-07-23 07:29:14 +0000] Auto-hide suspended (mouse entering menu bar)
[2026-07-23 07:29:15 +0000] Mouse left menu bar. Restarting auto-hide countdown.
[2026-07-23 07:29:15 +0000] Resetting auto-hide timer with delay: 5s
[2026-07-23 07:29:20 +0000] Auto-hide timer fired. Collapsing bar.
[2026-07-23 07:29:20 +0000] Updating layout. isCollapsed = true
[2026-07-23 07:29:20 +0000] Chevron frame (collapsed): Optional((0.0, -2.0, 13.0, 26.5))
[2026-07-23 07:29:20 +0000] Separator frame (collapsed): Optional((0.0, -1.5, 1570.0, 25.0))
[2026-07-23 07:29:20 +0000] Starting global click monitor
[2026-07-23 07:29:20 +0000] Invalidating auto-hide timer
[2026-07-23 07:29:38 +0000] Mouse left menu bar. Restarting auto-hide countdown.
[2026-07-23 07:29:39 +0000] Mouse left menu bar. Restarting auto-hide countdown.
[2026-07-23 07:30:33 +0000] Mouse left menu bar. Restarting auto-hide countdown.
[2026-07-23 07:31:20 +0000] Mouse left menu bar. Restarting auto-hide countdown.
[2026-07-23 07:31:22 +0000] Mouse left menu bar. Restarting auto-hide countdown.
[2026-07-23 07:31:32 +0000] Chevron button clicked
[2026-07-23 07:31:32 +0000] Updating layout. isCollapsed = false
[2026-07-23 07:31:32 +0000] Chevron frame (expanded): Optional((0.0, -2.0, 13.0, 26.5))
[2026-07-23 07:31:32 +0000] Separator frame (expanded): Optional((0.0, -1.5, 22.0, 25.0))
[2026-07-23 07:31:32 +0000] Stopping global click monitor
[2026-07-23 07:31:32 +0000] Resetting auto-hide timer with delay: 5s
[2026-07-23 07:31:32 +0000] Invalidating auto-hide timer
[2026-07-23 07:31:32 +0000] Auto-hide suspended (mouse entering menu bar)
[2026-07-23 07:31:33 +0000] Chevron button clicked
[2026-07-23 07:31:33 +0000] Updating layout. isCollapsed = true
[2026-07-23 07:31:33 +0000] Chevron frame (collapsed): Optional((0.0, -2.0, 13.0, 26.5))
[2026-07-23 07:31:33 +0000] Separator frame (collapsed): Optional((0.0, -1.5, 1570.0, 25.0))
[2026-07-23 07:31:33 +0000] Starting global click monitor
[2026-07-23 07:31:42 +0000] Mouse left menu bar. Restarting auto-hide countdown.
[2026-07-23 07:32:01 +0000] Mouse left menu bar. Restarting auto-hide countdown.
[2026-07-23 07:32:06 +0000] Mouse left menu bar. Restarting auto-hide countdown.
[2026-07-23 07:32:27 +0000] Mouse left menu bar. Restarting auto-hide countdown.
[2026-07-23 07:32:33 +0000] Mouse left menu bar. Restarting auto-hide countdown.
[2026-07-23 07:33:09 +0000] Application did finish launching
[2026-07-23 07:33:09 +0000] Updating layout. isCollapsed = true
[2026-07-23 07:33:09 +0000] Chevron frame (collapsed): Optional((0.0, -2.0, 13.0, 26.5))
[2026-07-23 07:33:09 +0000] Separator frame (collapsed): Optional((0.0, -1.5, 1570.0, 25.0))
[2026-07-23 07:33:09 +0000] Starting global click monitor
[2026-07-23 07:33:11 +0000] Mouse left menu bar. Restarting auto-hide countdown.
[2026-07-23 07:33:14 +0000] Mouse left menu bar. Restarting auto-hide countdown.
[2026-07-23 07:33:18 +0000] Mouse left menu bar. Restarting auto-hide countdown.
[2026-07-23 07:35:37 +0000] Mouse left menu bar. Restarting auto-hide countdown.
[2026-07-23 07:35:52 +0000] Mouse left menu bar. Restarting auto-hide countdown.
[2026-07-23 07:38:36 +0000] Mouse left menu bar. Restarting auto-hide countdown.
[2026-07-23 07:40:07 +0000] Mouse left menu bar. Restarting auto-hide countdown.
[2026-07-23 07:40:11 +0000] Mouse left menu bar. Restarting auto-hide countdown.
[2026-07-23 07:40:21 +0000] Mouse left menu bar. Restarting auto-hide countdown.
[2026-07-23 07:44:04 +0000] Global click on empty space detected at (387.69921875, 914.140625). Expanding BBar.
[2026-07-23 07:44:04 +0000] Updating layout. isCollapsed = false
[2026-07-23 07:44:04 +0000] Chevron frame (expanded): Optional((0.0, -2.0, 13.0, 26.5))
[2026-07-23 07:44:04 +0000] Separator frame (expanded): Optional((0.0, -1.5, 22.0, 25.0))
[2026-07-23 07:44:04 +0000] Stopping global click monitor
[2026-07-23 07:44:04 +0000] Resetting auto-hide timer with delay: 5s
[2026-07-23 07:44:05 +0000] Mouse left menu bar. Restarting auto-hide countdown.
[2026-07-23 07:44:05 +0000] Invalidating auto-hide timer
[2026-07-23 07:44:05 +0000] Resetting auto-hide timer with delay: 5s
[2026-07-23 07:44:10 +0000] Auto-hide timer fired. Collapsing bar.
[2026-07-23 07:44:10 +0000] Updating layout. isCollapsed = true
[2026-07-23 07:44:10 +0000] Chevron frame (collapsed): Optional((0.0, -2.0, 13.0, 26.5))
[2026-07-23 07:44:10 +0000] Separator frame (collapsed): Optional((0.0, -1.5, 1570.0, 25.0))
[2026-07-23 07:44:10 +0000] Starting global click monitor
[2026-07-23 07:44:10 +0000] Invalidating auto-hide timer
[2026-07-23 07:45:31 +0000] Mouse left menu bar. Restarting auto-hide countdown.
[2026-07-23 07:46:35 +0000] Mouse left menu bar. Restarting auto-hide countdown.
[2026-07-23 07:51:42 +0000] Mouse left menu bar. Restarting auto-hide countdown.
[2026-07-23 09:10:12 +0000] Mouse left menu bar. Restarting auto-hide countdown.
[2026-07-23 09:10:13 +0000] Mouse left menu bar. Restarting auto-hide countdown.
[2026-07-23 09:10:15 +0000] Mouse left menu bar. Restarting auto-hide countdown.
[2026-07-23 09:10:20 +0000] Global click on empty space detected at (1022.9453125, 929.12109375). Expanding BBar.
[2026-07-23 09:10:20 +0000] Global click on empty space detected at (1022.9453125, 929.12109375). Expanding BBar.
[2026-07-23 09:10:20 +0000] Updating layout. isCollapsed = false
[2026-07-23 09:10:20 +0000] Chevron frame (expanded): Optional((0.0, -2.0, 13.0, 26.5))
[2026-07-23 09:10:20 +0000] Separator frame (expanded): Optional((0.0, -1.5, 22.0, 25.0))
[2026-07-23 09:10:20 +0000] Stopping global click monitor
[2026-07-23 09:10:20 +0000] Resetting auto-hide timer with delay: 5s
[2026-07-23 09:10:20 +0000] Updating layout. isCollapsed = false
[2026-07-23 09:10:20 +0000] Chevron frame (expanded): Optional((0.0, -2.0, 13.0, 26.5))
[2026-07-23 09:10:20 +0000] Separator frame (expanded): Optional((0.0, -1.5, 22.0, 25.0))
[2026-07-23 09:10:20 +0000] Invalidating auto-hide timer
[2026-07-23 09:10:20 +0000] Resetting auto-hide timer with delay: 5s
[2026-07-23 09:10:20 +0000] Invalidating auto-hide timer
[2026-07-23 09:10:20 +0000] Auto-hide suspended (mouse entering menu bar)
[2026-07-23 09:10:22 +0000] Separator button clicked directly
[2026-07-23 09:10:22 +0000] Updating layout. isCollapsed = true
[2026-07-23 09:10:22 +0000] Chevron frame (collapsed): Optional((0.0, -2.0, 13.0, 26.5))
[2026-07-23 09:10:22 +0000] Separator frame (collapsed): Optional((0.0, -1.5, 1570.0, 25.0))
[2026-07-23 09:10:22 +0000] Starting global click monitor
[2026-07-23 09:10:31 +0000] Mouse left menu bar. Restarting auto-hide countdown.
[2026-07-23 09:10:45 +0000] Mouse left menu bar. Restarting auto-hide countdown.
[2026-07-23 09:12:45 +0000] Mouse left menu bar. Restarting auto-hide countdown.
[2026-07-23 09:15:23 +0000] Mouse left menu bar. Restarting auto-hide countdown.
[2026-07-23 09:17:34 +0000] Global click on empty space detected at (740.41015625, 911.265625). Expanding BBar.
[2026-07-23 09:17:34 +0000] Global click on empty space detected at (740.41015625, 911.265625). Expanding BBar.
[2026-07-23 09:17:34 +0000] Updating layout. isCollapsed = false
[2026-07-23 09:17:34 +0000] Chevron frame (expanded): Optional((0.0, -2.0, 13.0, 26.5))
[2026-07-23 09:17:34 +0000] Separator frame (expanded): Optional((0.0, -1.5, 22.0, 25.0))
[2026-07-23 09:17:34 +0000] Stopping global click monitor
[2026-07-23 09:17:34 +0000] Resetting auto-hide timer with delay: 5s
[2026-07-23 09:17:34 +0000] Updating layout. isCollapsed = false
[2026-07-23 09:17:34 +0000] Chevron frame (expanded): Optional((0.0, -2.0, 13.0, 26.5))
[2026-07-23 09:17:34 +0000] Separator frame (expanded): Optional((0.0, -1.5, 22.0, 25.0))
[2026-07-23 09:17:34 +0000] Invalidating auto-hide timer
[2026-07-23 09:17:34 +0000] Resetting auto-hide timer with delay: 5s
[2026-07-23 09:17:34 +0000] Invalidating auto-hide timer
[2026-07-23 09:17:34 +0000] Auto-hide suspended (mouse entering menu bar)
[2026-07-23 09:17:34 +0000] Mouse left menu bar. Restarting auto-hide countdown.
[2026-07-23 09:17:34 +0000] Resetting auto-hide timer with delay: 5s
[2026-07-23 09:17:39 +0000] Auto-hide timer fired. Collapsing bar.
[2026-07-23 09:17:39 +0000] Updating layout. isCollapsed = true
[2026-07-23 09:17:39 +0000] Chevron frame (collapsed): Optional((0.0, -2.0, 13.0, 26.5))
[2026-07-23 09:17:39 +0000] Separator frame (collapsed): Optional((0.0, -1.5, 1570.0, 25.0))
[2026-07-23 09:17:39 +0000] Starting global click monitor
[2026-07-23 09:17:39 +0000] Invalidating auto-hide timer
[2026-07-23 09:17:48 +0000] Mouse left menu bar. Restarting auto-hide countdown.
[2026-07-23 09:19:46 +0000] Mouse left menu bar. Restarting auto-hide countdown.
[2026-07-23 09:22:17 +0000] Mouse left menu bar. Restarting auto-hide countdown.
[2026-07-23 09:26:15 +0000] Mouse left menu bar. Restarting auto-hide countdown.
[2026-07-23 09:28:52 +0000] Global click on empty space detected at (689.21875, 916.51953125). Expanding BBar.
[2026-07-23 09:28:52 +0000] Global click on empty space detected at (689.21875, 916.51953125). Expanding BBar.
[2026-07-23 09:28:52 +0000] Updating layout. isCollapsed = false
[2026-07-23 09:28:52 +0000] Chevron frame (expanded): Optional((0.0, -2.0, 13.0, 26.5))
[2026-07-23 09:28:52 +0000] Separator frame (expanded): Optional((0.0, -1.5, 22.0, 25.0))
[2026-07-23 09:28:52 +0000] Stopping global click monitor
[2026-07-23 09:28:52 +0000] Resetting auto-hide timer with delay: 5s
[2026-07-23 09:28:52 +0000] Updating layout. isCollapsed = false
[2026-07-23 09:28:52 +0000] Chevron frame (expanded): Optional((0.0, -2.0, 13.0, 26.5))
[2026-07-23 09:28:52 +0000] Separator frame (expanded): Optional((0.0, -1.5, 22.0, 25.0))
[2026-07-23 09:28:52 +0000] Invalidating auto-hide timer
[2026-07-23 09:28:52 +0000] Resetting auto-hide timer with delay: 5s
[2026-07-23 09:28:52 +0000] Invalidating auto-hide timer
[2026-07-23 09:28:52 +0000] Auto-hide suspended (mouse entering menu bar)
[2026-07-23 09:28:53 +0000] Mouse left menu bar. Restarting auto-hide countdown.
[2026-07-23 09:28:53 +0000] Resetting auto-hide timer with delay: 5s
[2026-07-23 09:28:58 +0000] Auto-hide timer fired. Collapsing bar.
[2026-07-23 09:28:58 +0000] Updating layout. isCollapsed = true
[2026-07-23 09:28:58 +0000] Chevron frame (collapsed): Optional((0.0, -2.0, 13.0, 26.5))
[2026-07-23 09:28:58 +0000] Separator frame (collapsed): Optional((0.0, -1.5, 1570.0, 25.0))
[2026-07-23 09:28:58 +0000] Starting global click monitor
[2026-07-23 09:28:58 +0000] Invalidating auto-hide timer
[2026-07-23 09:29:24 +0000] Mouse left menu bar. Restarting auto-hide countdown.
[2026-07-23 09:29:34 +0000] Mouse left menu bar. Restarting auto-hide countdown.
[2026-07-23 09:30:50 +0000] Mouse left menu bar. Restarting auto-hide countdown.
[2026-07-23 09:31:20 +0000] Mouse left menu bar. Restarting auto-hide countdown.
[2026-07-23 09:31:23 +0000] Mouse left menu bar. Restarting auto-hide countdown.
[2026-07-23 09:32:14 +0000] Mouse left menu bar. Restarting auto-hide countdown.
[2026-07-23 09:32:48 +0000] Mouse left menu bar. Restarting auto-hide countdown.
[2026-07-23 09:32:51 +0000] Mouse left menu bar. Restarting auto-hide countdown.
[2026-07-23 09:33:47 +0000] Mouse left menu bar. Restarting auto-hide countdown.
[2026-07-23 09:33:52 +0000] Mouse left menu bar. Restarting auto-hide countdown.
[2026-07-23 09:33:58 +0000] Mouse left menu bar. Restarting auto-hide countdown.
[2026-07-23 09:34:20 +0000] Mouse left menu bar. Restarting auto-hide countdown.
[2026-07-23 09:35:06 +0000] Mouse left menu bar. Restarting auto-hide countdown.
[2026-07-23 09:35:11 +0000] Mouse left menu bar. Restarting auto-hide countdown.
[2026-07-23 09:35:24 +0000] Global click on empty space detected at (1062.92578125, 935.265625). Expanding BBar.
[2026-07-23 09:35:24 +0000] Global click on empty space detected at (1062.92578125, 935.265625). Expanding BBar.
[2026-07-23 09:35:24 +0000] Updating layout. isCollapsed = false
[2026-07-23 09:35:24 +0000] Chevron frame (expanded): Optional((0.0, -2.0, 13.0, 26.5))
[2026-07-23 09:35:24 +0000] Separator frame (expanded): Optional((0.0, -1.5, 22.0, 25.0))
[2026-07-23 09:35:24 +0000] Stopping global click monitor
[2026-07-23 09:35:24 +0000] Resetting auto-hide timer with delay: 5s
[2026-07-23 09:35:24 +0000] Updating layout. isCollapsed = false
[2026-07-23 09:35:24 +0000] Chevron frame (expanded): Optional((0.0, -2.0, 13.0, 26.5))
[2026-07-23 09:35:24 +0000] Separator frame (expanded): Optional((0.0, -1.5, 22.0, 25.0))
[2026-07-23 09:35:24 +0000] Invalidating auto-hide timer
[2026-07-23 09:35:24 +0000] Resetting auto-hide timer with delay: 5s
[2026-07-23 09:35:25 +0000] Invalidating auto-hide timer
[2026-07-23 09:35:25 +0000] Auto-hide suspended (mouse entering menu bar)
[2026-07-23 09:35:27 +0000] Mouse left menu bar. Restarting auto-hide countdown.
[2026-07-23 09:35:27 +0000] Resetting auto-hide timer with delay: 5s
[2026-07-23 09:35:32 +0000] Invalidating auto-hide timer
[2026-07-23 09:35:32 +0000] Auto-hide suspended (mouse entering menu bar)
[2026-07-23 09:35:33 +0000] Mouse left menu bar. Restarting auto-hide countdown.
[2026-07-23 09:35:33 +0000] Resetting auto-hide timer with delay: 5s
[2026-07-23 09:35:34 +0000] Invalidating auto-hide timer
[2026-07-23 09:35:34 +0000] Auto-hide suspended (mouse entering menu bar)
[2026-07-23 09:35:35 +0000] Mouse left menu bar. Restarting auto-hide countdown.
[2026-07-23 09:35:35 +0000] Resetting auto-hide timer with delay: 5s
[2026-07-23 09:35:40 +0000] Auto-hide timer fired. Collapsing bar.
[2026-07-23 09:35:40 +0000] Updating layout. isCollapsed = true
[2026-07-23 09:35:40 +0000] Chevron frame (collapsed): Optional((0.0, -2.0, 13.0, 26.5))
[2026-07-23 09:35:40 +0000] Separator frame (collapsed): Optional((0.0, -1.5, 1570.0, 25.0))
[2026-07-23 09:35:40 +0000] Starting global click monitor
[2026-07-23 09:35:40 +0000] Invalidating auto-hide timer
[2026-07-23 09:35:47 +0000] Mouse left menu bar. Restarting auto-hide countdown.
[2026-07-23 09:35:59 +0000] Mouse left menu bar. Restarting auto-hide countdown.
[2026-07-23 14:23:15 +0000] Mouse left menu bar. Restarting auto-hide countdown.
[2026-07-23 14:23:20 +0000] Mouse left menu bar. Restarting auto-hide countdown.
[2026-07-23 14:24:51 +0000] Mouse left menu bar. Restarting auto-hide countdown.
[2026-07-23 14:25:06 +0000] Global click on empty space detected at (1037.03125, 940.21875). Expanding BBar.
[2026-07-23 14:25:06 +0000] Updating layout. isCollapsed = false
[2026-07-23 14:25:06 +0000] Chevron frame (expanded): Optional((0.0, -2.0, 13.5, 26.5))
[2026-07-23 14:25:06 +0000] Separator frame (expanded): Optional((0.0, -1.5, 22.0, 25.0))
[2026-07-23 14:25:06 +0000] Stopping global click monitor
[2026-07-23 14:25:06 +0000] Resetting auto-hide timer with delay: 5s
[2026-07-23 14:25:06 +0000] Invalidating auto-hide timer
[2026-07-23 14:25:06 +0000] Auto-hide suspended (mouse entering menu bar)
[2026-07-23 14:25:07 +0000] Mouse left menu bar. Restarting auto-hide countdown.
[2026-07-23 14:25:07 +0000] Resetting auto-hide timer with delay: 5s
[2026-07-23 14:25:12 +0000] Auto-hide timer fired. Collapsing bar.
[2026-07-23 14:25:12 +0000] Updating layout. isCollapsed = true
[2026-07-23 14:25:12 +0000] Chevron frame (collapsed): Optional((0.0, -2.0, 13.0, 26.5))
[2026-07-23 14:25:12 +0000] Separator frame (collapsed): Optional((0.0, -1.5, 1570.0, 25.0))
[2026-07-23 14:25:12 +0000] Starting global click monitor
[2026-07-23 14:25:12 +0000] Invalidating auto-hide timer
[2026-07-23 14:25:32 +0000] Mouse left menu bar. Restarting auto-hide countdown.
[2026-07-23 14:26:39 +0000] Mouse left menu bar. Restarting auto-hide countdown.
[2026-07-23 14:27:05 +0000] Mouse left menu bar. Restarting auto-hide countdown.
[2026-07-23 14:27:12 +0000] Mouse left menu bar. Restarting auto-hide countdown.
[2026-07-23 14:27:15 +0000] Mouse left menu bar. Restarting auto-hide countdown.
[2026-07-23 14:35:54 +0000] Mouse left menu bar. Restarting auto-hide countdown.
[2026-07-23 14:39:17 +0000] Mouse left menu bar. Restarting auto-hide countdown.
[2026-07-23 14:42:56 +0000] Global click on empty space detected at (781.11328125, 915.68359375). Expanding BBar.
[2026-07-23 14:42:56 +0000] Updating layout. isCollapsed = false
[2026-07-23 14:42:56 +0000] Chevron frame (expanded): Optional((0.0, -2.0, 13.0, 26.5))
[2026-07-23 14:42:56 +0000] Separator frame (expanded): Optional((0.0, -1.5, 22.0, 25.0))
[2026-07-23 14:42:56 +0000] Stopping global click monitor
[2026-07-23 14:42:56 +0000] Resetting auto-hide timer with delay: 5s
[2026-07-23 14:42:56 +0000] Mouse left menu bar. Restarting auto-hide countdown.
[2026-07-23 14:42:56 +0000] Invalidating auto-hide timer
[2026-07-23 14:42:56 +0000] Resetting auto-hide timer with delay: 5s
[2026-07-23 14:43:01 +0000] Auto-hide timer fired. Collapsing bar.
[2026-07-23 14:43:01 +0000] Updating layout. isCollapsed = true
[2026-07-23 14:43:01 +0000] Chevron frame (collapsed): Optional((0.0, -2.0, 13.0, 26.5))
[2026-07-23 14:43:01 +0000] Separator frame (collapsed): Optional((0.0, -1.5, 1570.0, 25.0))
[2026-07-23 14:43:01 +0000] Starting global click monitor
[2026-07-23 14:43:01 +0000] Invalidating auto-hide timer
[2026-07-23 14:43:04 +0000] Mouse left menu bar. Restarting auto-hide countdown.
[2026-07-23 14:43:15 +0000] Mouse left menu bar. Restarting auto-hide countdown.
[2026-07-23 14:43:17 +0000] Mouse left menu bar. Restarting auto-hide countdown.
[2026-07-23 14:47:58 +0000] Mouse left menu bar. Restarting auto-hide countdown.
[2026-07-23 14:53:58 +0000] Mouse left menu bar. Restarting auto-hide countdown.
[2026-07-23 14:54:16 +0000] Mouse left menu bar. Restarting auto-hide countdown.
[2026-07-23 14:54:25 +0000] Mouse left menu bar. Restarting auto-hide countdown.
[2026-07-23 14:54:51 +0000] Mouse left menu bar. Restarting auto-hide countdown.
[2026-07-23 14:55:54 +0000] Mouse left menu bar. Restarting auto-hide countdown.
[2026-07-23 14:56:53 +0000] Mouse left menu bar. Restarting auto-hide countdown.
[2026-07-23 14:57:05 +0000] Mouse left menu bar. Restarting auto-hide countdown.
[2026-07-23 14:57:53 +0000] Mouse left menu bar. Restarting auto-hide countdown.
[2026-07-23 14:59:02 +0000] Mouse left menu bar. Restarting auto-hide countdown.
[2026-07-23 14:59:07 +0000] Mouse left menu bar. Restarting auto-hide countdown.
[2026-07-23 14:59:57 +0000] Mouse left menu bar. Restarting auto-hide countdown.
[2026-07-23 15:01:55 +0000] Mouse left menu bar. Restarting auto-hide countdown.
[2026-07-23 15:02:25 +0000] Mouse left menu bar. Restarting auto-hide countdown.
[2026-07-23 15:02:27 +0000] Mouse left menu bar. Restarting auto-hide countdown.
[2026-07-23 15:02:30 +0000] Mouse left menu bar. Restarting auto-hide countdown.
[2026-07-23 15:02:32 +0000] Mouse left menu bar. Restarting auto-hide countdown.
[2026-07-23 15:07:43 +0000] Application did finish launching
[2026-07-23 15:07:43 +0000] Updating layout. isCollapsed = true
[2026-07-23 15:07:43 +0000] Chevron frame (collapsed): Optional((0.0, -2.0, 13.0, 26.5))
[2026-07-23 15:07:43 +0000] Separator frame (collapsed): Optional((0.0, -1.5, 1570.0, 25.0))
[2026-07-23 15:07:43 +0000] Starting global click monitor
[2026-07-23 15:07:53 +0000] Mouse left menu bar. Restarting auto-hide countdown.
[2026-07-23 15:08:03 +0000] Mouse left menu bar. Restarting auto-hide countdown.
[2026-07-23 15:08:24 +0000] Chevron button clicked
[2026-07-23 15:08:24 +0000] Updating layout. isCollapsed = false
[2026-07-23 15:08:24 +0000] Chevron frame (expanded): Optional((0.0, -2.0, 13.0, 26.5))
[2026-07-23 15:08:24 +0000] Separator frame (expanded): Optional((0.0, -1.5, 22.0, 25.0))
[2026-07-23 15:08:24 +0000] Stopping global click monitor
[2026-07-23 15:08:24 +0000] Resetting auto-hide timer with delay: 5s
[2026-07-23 15:08:24 +0000] Invalidating auto-hide timer
[2026-07-23 15:08:24 +0000] Auto-hide suspended (mouse entering menu bar)
[2026-07-23 15:08:25 +0000] Chevron button clicked
[2026-07-23 15:08:25 +0000] Updating layout. isCollapsed = true
[2026-07-23 15:08:25 +0000] Chevron frame (collapsed): Optional((0.0, -2.0, 13.0, 26.5))
[2026-07-23 15:08:25 +0000] Separator frame (collapsed): Optional((0.0, -1.5, 1570.0, 25.0))
[2026-07-23 15:08:25 +0000] Starting global click monitor
[2026-07-23 15:08:29 +0000] Mouse left menu bar. Restarting auto-hide countdown.
[2026-07-23 15:08:35 +0000] Mouse left menu bar. Restarting auto-hide countdown.
[2026-07-23 15:08:40 +0000] Mouse left menu bar. Restarting auto-hide countdown.
[2026-07-23 15:10:00 +0000] Mouse left menu bar. Restarting auto-hide countdown.
[2026-07-23 15:10:44 +0000] Mouse left menu bar. Restarting auto-hide countdown.
[2026-07-23 15:10:55 +0000] Mouse left menu bar. Restarting auto-hide countdown.
[2026-07-23 15:10:56 +0000] Mouse left menu bar. Restarting auto-hide countdown.
[2026-07-23 15:11:26 +0000] Mouse left menu bar. Restarting auto-hide countdown.
[2026-07-23 15:11:44 +0000] Mouse left menu bar. Restarting auto-hide countdown.
[2026-07-23 15:12:12 +0000] Mouse left menu bar. Restarting auto-hide countdown.
[2026-07-23 15:15:32 +0000] Mouse left menu bar. Restarting auto-hide countdown.
[2026-07-23 15:15:46 +0000] Mouse left menu bar. Restarting auto-hide countdown.
[2026-07-23 15:16:32 +0000] Mouse left menu bar. Restarting auto-hide countdown.
[2026-07-23 15:16:34 +0000] Mouse left menu bar. Restarting auto-hide countdown.
[2026-07-23 15:16:43 +0000] Mouse left menu bar. Restarting auto-hide countdown.
[2026-07-23 15:17:42 +0000] Mouse left menu bar. Restarting auto-hide countdown.
[2026-07-23 15:17:51 +0000] Chevron button clicked
[2026-07-23 15:17:51 +0000] Updating layout. isCollapsed = false
[2026-07-23 15:17:51 +0000] Chevron frame (expanded): Optional((0.0, -2.0, 13.0, 26.5))
[2026-07-23 15:17:51 +0000] Separator frame (expanded): Optional((0.0, -1.5, 22.0, 25.0))
[2026-07-23 15:17:51 +0000] Stopping global click monitor
[2026-07-23 15:17:51 +0000] Resetting auto-hide timer with delay: 5s
[2026-07-23 15:17:51 +0000] Invalidating auto-hide timer
[2026-07-23 15:17:51 +0000] Auto-hide suspended (mouse entering menu bar)
[2026-07-23 15:17:54 +0000] Mouse left menu bar. Restarting auto-hide countdown.
[2026-07-23 15:17:54 +0000] Resetting auto-hide timer with delay: 5s
[2026-07-23 15:17:59 +0000] Auto-hide timer fired. Collapsing bar.
[2026-07-23 15:17:59 +0000] Updating layout. isCollapsed = true
[2026-07-23 15:17:59 +0000] Chevron frame (collapsed): Optional((0.0, -2.0, 13.0, 26.5))
[2026-07-23 15:17:59 +0000] Separator frame (collapsed): Optional((0.0, -1.5, 1570.0, 25.0))
[2026-07-23 15:17:59 +0000] Starting global click monitor
[2026-07-23 15:17:59 +0000] Invalidating auto-hide timer
[2026-07-23 15:18:01 +0000] Mouse left menu bar. Restarting auto-hide countdown.
[2026-07-23 15:18:04 +0000] Mouse left menu bar. Restarting auto-hide countdown.
[2026-07-23 15:19:35 +0000] Mouse left menu bar. Restarting auto-hide countdown.
[2026-07-23 15:19:38 +0000] Mouse left menu bar. Restarting auto-hide countdown.
[2026-07-23 15:20:12 +0000] Mouse left menu bar. Restarting auto-hide countdown.
[2026-07-23 15:20:17 +0000] Global click on empty space detected at (1054.14453125, 936.12109375). Expanding BBar.
[2026-07-23 15:20:17 +0000] Updating layout. isCollapsed = false
[2026-07-23 15:20:17 +0000] Chevron frame (expanded): Optional((0.0, -2.0, 13.0, 26.5))
[2026-07-23 15:20:17 +0000] Separator frame (expanded): Optional((0.0, -1.5, 22.0, 25.0))
[2026-07-23 15:20:17 +0000] Stopping global click monitor
[2026-07-23 15:20:17 +0000] Resetting auto-hide timer with delay: 5s
[2026-07-23 15:20:17 +0000] Invalidating auto-hide timer
[2026-07-23 15:20:17 +0000] Auto-hide suspended (mouse entering menu bar)
[2026-07-23 15:20:20 +0000] Mouse left menu bar. Restarting auto-hide countdown.
[2026-07-23 15:20:20 +0000] Resetting auto-hide timer with delay: 5s
[2026-07-23 15:20:25 +0000] Auto-hide timer fired. Collapsing bar.
[2026-07-23 15:20:25 +0000] Updating layout. isCollapsed = true
[2026-07-23 15:20:25 +0000] Chevron frame (collapsed): Optional((0.0, -2.0, 13.0, 26.5))
[2026-07-23 15:20:25 +0000] Separator frame (collapsed): Optional((0.0, -1.5, 1570.0, 25.0))
[2026-07-23 15:20:25 +0000] Starting global click monitor
[2026-07-23 15:20:25 +0000] Invalidating auto-hide timer
[2026-07-23 15:20:30 +0000] Mouse left menu bar. Restarting auto-hide countdown.
[2026-07-23 15:21:35 +0000] Mouse left menu bar. Restarting auto-hide countdown.
[2026-07-23 15:25:04 +0000] Mouse left menu bar. Restarting auto-hide countdown.
[2026-07-23 15:25:07 +0000] Mouse left menu bar. Restarting auto-hide countdown.
[2026-07-23 15:25:47 +0000] Mouse left menu bar. Restarting auto-hide countdown.
[2026-07-23 15:25:50 +0000] Mouse left menu bar. Restarting auto-hide countdown.
[2026-07-23 15:25:57 +0000] Mouse left menu bar. Restarting auto-hide countdown.
[2026-07-23 15:26:24 +0000] Mouse left menu bar. Restarting auto-hide countdown.
[2026-07-23 15:27:35 +0000] Mouse left menu bar. Restarting auto-hide countdown.
[2026-07-23 15:32:03 +0000] Mouse left menu bar. Restarting auto-hide countdown.
[2026-07-23 15:32:18 +0000] Mouse left menu bar. Restarting auto-hide countdown.
[2026-07-23 15:33:32 +0000] Mouse left menu bar. Restarting auto-hide countdown.
[2026-07-23 15:33:40 +0000] Mouse left menu bar. Restarting auto-hide countdown.
[2026-07-23 15:35:55 +0000] Mouse left menu bar. Restarting auto-hide countdown.
[2026-07-23 15:35:58 +0000] Mouse left menu bar. Restarting auto-hide countdown.
[2026-07-23 15:36:00 +0000] Mouse left menu bar. Restarting auto-hide countdown.
[2026-07-23 15:36:51 +0000] Mouse left menu bar. Restarting auto-hide countdown.
[2026-07-23 15:38:22 +0000] Mouse left menu bar. Restarting auto-hide countdown.
[2026-07-23 15:38:24 +0000] Mouse left menu bar. Restarting auto-hide countdown.
[2026-07-23 15:38:28 +0000] Mouse left menu bar. Restarting auto-hide countdown.
[2026-07-23 15:39:15 +0000] Mouse left menu bar. Restarting auto-hide countdown.
[2026-07-23 15:39:31 +0000] Mouse left menu bar. Restarting auto-hide countdown.
[2026-07-23 15:40:30 +0000] Mouse left menu bar. Restarting auto-hide countdown.
[2026-07-23 15:40:52 +0000] Mouse left menu bar. Restarting auto-hide countdown.
[2026-07-23 15:40:53 +0000] Mouse left menu bar. Restarting auto-hide countdown.
[2026-07-23 15:40:56 +0000] Mouse left menu bar. Restarting auto-hide countdown.
[2026-07-23 15:40:57 +0000] Mouse left menu bar. Restarting auto-hide countdown.
[2026-07-23 15:41:06 +0000] Mouse left menu bar. Restarting auto-hide countdown.
[2026-07-23 15:41:12 +0000] Mouse left menu bar. Restarting auto-hide countdown.
[2026-07-23 15:41:41 +0000] Mouse left menu bar. Restarting auto-hide countdown.
[2026-07-23 15:42:20 +0000] Application did finish launching
[2026-07-23 15:42:20 +0000] Updating layout. isCollapsed = true
[2026-07-23 15:42:20 +0000] Chevron frame (collapsed): Optional((0.0, -2.0, 13.0, 26.5))
[2026-07-23 15:42:20 +0000] Separator frame (collapsed): Optional((0.0, -1.5, 1570.0, 25.0))
[2026-07-23 15:42:20 +0000] Starting global click monitor
[2026-07-23 15:42:52 +0000] Mouse left menu bar. Restarting auto-hide countdown.
[2026-07-23 15:43:01 +0000] Mouse left menu bar. Restarting auto-hide countdown.
[2026-07-23 15:43:06 +0000] Mouse left menu bar. Restarting auto-hide countdown.
[2026-07-23 15:43:44 +0000] Mouse left menu bar. Restarting auto-hide countdown.
[2026-07-23 15:44:05 +0000] Mouse left menu bar. Restarting auto-hide countdown.
[2026-07-23 15:44:23 +0000] Mouse left menu bar. Restarting auto-hide countdown.
[2026-07-23 15:44:44 +0000] Mouse left menu bar. Restarting auto-hide countdown.
[2026-07-23 15:45:41 +0000] Mouse left menu bar. Restarting auto-hide countdown.
[2026-07-23 15:47:03 +0000] Mouse left menu bar. Restarting auto-hide countdown.
[2026-07-23 15:47:33 +0000] Mouse left menu bar. Restarting auto-hide countdown.
[2026-07-23 15:49:05 +0000] Global click on empty space detected at (1067.87890625, 939.50390625). Expanding BBar.
[2026-07-23 15:49:05 +0000] Updating layout. isCollapsed = false
[2026-07-23 15:49:05 +0000] Chevron frame (expanded): Optional((0.0, -2.0, 13.0, 26.5))
[2026-07-23 15:49:05 +0000] Separator frame (expanded): Optional((0.0, -1.5, 22.0, 25.0))
[2026-07-23 15:49:05 +0000] Stopping global click monitor
[2026-07-23 15:49:05 +0000] Resetting auto-hide timer with delay: 5s
[2026-07-23 15:49:05 +0000] Invalidating auto-hide timer
[2026-07-23 15:49:05 +0000] Auto-hide suspended (mouse entering menu bar)
[2026-07-23 15:49:07 +0000] Mouse left menu bar. Restarting auto-hide countdown.
[2026-07-23 15:49:07 +0000] Resetting auto-hide timer with delay: 5s
[2026-07-23 15:49:12 +0000] Auto-hide timer fired. Collapsing bar.
[2026-07-23 15:49:12 +0000] Updating layout. isCollapsed = true
[2026-07-23 15:49:12 +0000] Chevron frame (collapsed): Optional((0.0, -2.0, 13.0, 26.5))
[2026-07-23 15:49:12 +0000] Separator frame (collapsed): Optional((0.0, -1.5, 1570.0, 25.0))
[2026-07-23 15:49:12 +0000] Starting global click monitor
[2026-07-23 15:49:12 +0000] Invalidating auto-hide timer
[2026-07-23 15:49:15 +0000] Chevron button clicked
[2026-07-23 15:49:15 +0000] Updating layout. isCollapsed = false
[2026-07-23 15:49:15 +0000] Chevron frame (expanded): Optional((0.0, -2.0, 13.0, 26.5))
[2026-07-23 15:49:15 +0000] Separator frame (expanded): Optional((0.0, -1.5, 22.0, 25.0))
[2026-07-23 15:49:15 +0000] Stopping global click monitor
[2026-07-23 15:49:15 +0000] Resetting auto-hide timer with delay: 5s
[2026-07-23 15:49:15 +0000] Invalidating auto-hide timer
[2026-07-23 15:49:15 +0000] Auto-hide suspended (mouse entering menu bar)
[2026-07-23 15:49:17 +0000] Mouse left menu bar. Restarting auto-hide countdown.
[2026-07-23 15:49:17 +0000] Resetting auto-hide timer with delay: 5s
[2026-07-23 15:49:22 +0000] Auto-hide timer fired. Collapsing bar.
[2026-07-23 15:49:22 +0000] Updating layout. isCollapsed = true
[2026-07-23 15:49:22 +0000] Chevron frame (collapsed): Optional((0.0, -2.0, 13.0, 26.5))
[2026-07-23 15:49:22 +0000] Separator frame (collapsed): Optional((0.0, -1.5, 1570.0, 25.0))
[2026-07-23 15:49:22 +0000] Starting global click monitor
[2026-07-23 15:49:22 +0000] Invalidating auto-hide timer
[2026-07-23 15:49:28 +0000] Mouse left menu bar. Restarting auto-hide countdown.
[2026-07-23 15:49:55 +0000] Chevron button clicked
[2026-07-23 15:49:55 +0000] Updating layout. isCollapsed = false
[2026-07-23 15:49:55 +0000] Chevron frame (expanded): Optional((0.0, -2.0, 13.0, 26.5))
[2026-07-23 15:49:55 +0000] Separator frame (expanded): Optional((0.0, -1.5, 22.0, 25.0))
[2026-07-23 15:49:55 +0000] Stopping global click monitor
[2026-07-23 15:49:55 +0000] Resetting auto-hide timer with delay: 5s
[2026-07-23 15:49:55 +0000] Invalidating auto-hide timer
[2026-07-23 15:49:55 +0000] Auto-hide suspended (mouse entering menu bar)
[2026-07-23 15:49:56 +0000] Mouse left menu bar. Restarting auto-hide countdown.
[2026-07-23 15:49:56 +0000] Resetting auto-hide timer with delay: 5s
[2026-07-23 15:49:59 +0000] Invalidating auto-hide timer
[2026-07-23 15:49:59 +0000] Auto-hide suspended (mouse entering menu bar)
[2026-07-23 15:50:02 +0000] Separator button clicked directly
[2026-07-23 15:50:02 +0000] Updating layout. isCollapsed = true
[2026-07-23 15:50:02 +0000] Chevron frame (collapsed): Optional((0.0, -2.0, 13.0, 26.5))
[2026-07-23 15:50:02 +0000] Separator frame (collapsed): Optional((0.0, -1.5, 1570.0, 25.0))
[2026-07-23 15:50:02 +0000] Starting global click monitor
[2026-07-23 15:50:03 +0000] Chevron button clicked
[2026-07-23 15:50:04 +0000] Mouse left menu bar. Restarting auto-hide countdown.
[2026-07-23 15:50:04 +0000] Opening settings window
[2026-07-23 15:50:10 +0000] Global click on empty space detected at (1009.19921875, 927.67578125). Expanding BBar.
[2026-07-23 15:50:10 +0000] Updating layout. isCollapsed = false
[2026-07-23 15:50:10 +0000] Chevron frame (expanded): Optional((0.0, -2.0, 13.0, 26.5))
[2026-07-23 15:50:10 +0000] Separator frame (expanded): Optional((0.0, -1.5, 22.0, 25.0))
[2026-07-23 15:50:10 +0000] Stopping global click monitor
[2026-07-23 15:50:10 +0000] Resetting auto-hide timer with delay: 5s
[2026-07-23 15:50:10 +0000] Invalidating auto-hide timer
[2026-07-23 15:50:10 +0000] Auto-hide suspended (mouse entering menu bar)
[2026-07-23 15:50:11 +0000] Mouse left menu bar. Restarting auto-hide countdown.
[2026-07-23 15:50:11 +0000] Resetting auto-hide timer with delay: 5s
[2026-07-23 15:50:16 +0000] Auto-hide timer fired. Collapsing bar.
[2026-07-23 15:50:16 +0000] Updating layout. isCollapsed = true
[2026-07-23 15:50:16 +0000] Chevron frame (collapsed): Optional((0.0, -2.0, 13.0, 26.5))
[2026-07-23 15:50:16 +0000] Separator frame (collapsed): Optional((0.0, -1.5, 1570.0, 25.0))
[2026-07-23 15:50:16 +0000] Starting global click monitor
[2026-07-23 15:50:16 +0000] Invalidating auto-hide timer
[2026-07-23 15:50:53 +0000] Global click on empty space detected at (1068.4140625, 933.65234375). Expanding BBar.
[2026-07-23 15:50:53 +0000] Updating layout. isCollapsed = false
[2026-07-23 15:50:53 +0000] Chevron frame (expanded): Optional((0.0, -2.0, 13.0, 26.5))
[2026-07-23 15:50:53 +0000] Separator frame (expanded): Optional((0.0, -1.5, 22.0, 25.0))
[2026-07-23 15:50:53 +0000] Stopping global click monitor
[2026-07-23 15:50:53 +0000] Resetting auto-hide timer with delay: 5s
[2026-07-23 15:50:54 +0000] Invalidating auto-hide timer
[2026-07-23 15:50:54 +0000] Auto-hide suspended (mouse entering menu bar)
[2026-07-23 15:51:00 +0000] Chevron button clicked
[2026-07-23 15:51:00 +0000] Updating layout. isCollapsed = true
[2026-07-23 15:51:00 +0000] Chevron frame (collapsed): Optional((0.0, -2.0, 13.0, 26.5))
[2026-07-23 15:51:00 +0000] Separator frame (collapsed): Optional((0.0, -1.5, 1570.0, 25.0))
[2026-07-23 15:51:00 +0000] Starting global click monitor
[2026-07-23 15:51:01 +0000] Chevron button clicked
[2026-07-23 15:51:01 +0000] Updating layout. isCollapsed = false
[2026-07-23 15:51:01 +0000] Chevron frame (expanded): Optional((0.0, -2.0, 13.0, 26.5))
[2026-07-23 15:51:01 +0000] Separator frame (expanded): Optional((0.0, -1.5, 22.0, 25.0))
[2026-07-23 15:51:01 +0000] Stopping global click monitor
[2026-07-23 15:51:01 +0000] Resetting auto-hide timer with delay: 5s
[2026-07-23 15:51:01 +0000] Invalidating auto-hide timer
[2026-07-23 15:51:01 +0000] Auto-hide suspended (mouse entering menu bar)
[2026-07-23 15:51:03 +0000] Chevron button clicked
[2026-07-23 15:51:03 +0000] Updating layout. isCollapsed = true
[2026-07-23 15:51:03 +0000] Chevron frame (collapsed): Optional((0.0, -2.0, 13.0, 26.5))
[2026-07-23 15:51:03 +0000] Separator frame (collapsed): Optional((0.0, -1.5, 1570.0, 25.0))
[2026-07-23 15:51:03 +0000] Starting global click monitor
[2026-07-23 15:51:04 +0000] Mouse left menu bar. Restarting auto-hide countdown.
[2026-07-23 15:51:36 +0000] Mouse left menu bar. Restarting auto-hide countdown.
[2026-07-23 15:52:24 +0000] Chevron button clicked
[2026-07-23 15:52:24 +0000] Updating layout. isCollapsed = false
[2026-07-23 15:52:24 +0000] Chevron frame (expanded): Optional((0.0, -2.0, 13.0, 26.5))
[2026-07-23 15:52:24 +0000] Separator frame (expanded): Optional((0.0, -1.5, 22.0, 25.0))
[2026-07-23 15:52:24 +0000] Stopping global click monitor
[2026-07-23 15:52:24 +0000] Resetting auto-hide timer with delay: 5s
[2026-07-23 15:52:25 +0000] Invalidating auto-hide timer
[2026-07-23 15:52:25 +0000] Auto-hide suspended (mouse entering menu bar)
[2026-07-23 15:52:25 +0000] Chevron button clicked
[2026-07-23 15:52:25 +0000] Updating layout. isCollapsed = true
[2026-07-23 15:52:25 +0000] Chevron frame (collapsed): Optional((0.0, -2.0, 13.0, 26.5))
[2026-07-23 15:52:25 +0000] Separator frame (collapsed): Optional((0.0, -1.5, 1570.0, 25.0))
[2026-07-23 15:52:25 +0000] Starting global click monitor
[2026-07-23 15:52:26 +0000] Chevron button clicked
[2026-07-23 15:52:26 +0000] Updating layout. isCollapsed = false
[2026-07-23 15:52:26 +0000] Chevron frame (expanded): Optional((0.0, -2.0, 13.0, 26.5))
[2026-07-23 15:52:26 +0000] Separator frame (expanded): Optional((0.0, -1.5, 22.0, 25.0))
[2026-07-23 15:52:26 +0000] Stopping global click monitor
[2026-07-23 15:52:26 +0000] Resetting auto-hide timer with delay: 5s
[2026-07-23 15:52:27 +0000] Invalidating auto-hide timer
[2026-07-23 15:52:27 +0000] Auto-hide suspended (mouse entering menu bar)
[2026-07-23 15:52:27 +0000] Chevron button clicked
[2026-07-23 15:52:27 +0000] Updating layout. isCollapsed = true
[2026-07-23 15:52:27 +0000] Chevron frame (collapsed): Optional((0.0, -2.0, 13.0, 26.5))
[2026-07-23 15:52:27 +0000] Separator frame (collapsed): Optional((0.0, -1.5, 1570.0, 25.0))
[2026-07-23 15:52:27 +0000] Starting global click monitor
[2026-07-23 15:52:27 +0000] Mouse left menu bar. Restarting auto-hide countdown.
[2026-07-23 15:56:14 +0000] Mouse left menu bar. Restarting auto-hide countdown.
[2026-07-23 15:56:16 +0000] Mouse left menu bar. Restarting auto-hide countdown.
[2026-07-23 15:59:01 +0000] Mouse left menu bar. Restarting auto-hide countdown.
[2026-07-23 16:00:01 +0000] Mouse left menu bar. Restarting auto-hide countdown.
[2026-07-23 16:00:44 +0000] Mouse left menu bar. Restarting auto-hide countdown.
[2026-07-23 16:01:37 +0000] Mouse left menu bar. Restarting auto-hide countdown.
[2026-07-23 16:01:39 +0000] Mouse left menu bar. Restarting auto-hide countdown.
[2026-07-23 16:02:17 +0000] Mouse left menu bar. Restarting auto-hide countdown.
[2026-07-23 16:03:34 +0000] Mouse left menu bar. Restarting auto-hide countdown.
[2026-07-23 16:06:30 +0000] Mouse left menu bar. Restarting auto-hide countdown.
[2026-07-23 16:06:35 +0000] Mouse left menu bar. Restarting auto-hide countdown.
[2026-07-23 23:19:14 +0000] Application did finish launching
[2026-07-23 23:19:14 +0000] Updating layout. isCollapsed = true
[2026-07-23 23:19:14 +0000] Chevron frame (collapsed): Optional((0.0, -2.0, 13.0, 26.5))
[2026-07-23 23:19:14 +0000] Separator frame (collapsed): Optional((0.0, -1.5, 1570.0, 25.0))
[2026-07-23 23:19:14 +0000] Starting global click monitor
[2026-07-23 23:19:56 +0000] Mouse left menu bar. Restarting auto-hide countdown.
[2026-07-23 23:19:58 +0000] Mouse left menu bar. Restarting auto-hide countdown.
[2026-07-23 23:20:06 +0000] Mouse left menu bar. Restarting auto-hide countdown.
[2026-07-23 23:20:41 +0000] Mouse left menu bar. Restarting auto-hide countdown.
[2026-07-23 23:20:43 +0000] Mouse left menu bar. Restarting auto-hide countdown.
[2026-07-24 00:37:10 +0000] Mouse left menu bar. Restarting auto-hide countdown.
[2026-07-24 00:37:13 +0000] Mouse left menu bar. Restarting auto-hide countdown.
[2026-07-24 00:37:40 +0000] Global click on empty space detected at (674.09375, 911.703125). Expanding BBar.
[2026-07-24 00:37:40 +0000] Global click on empty space detected at (674.09375, 911.703125). Expanding BBar.
[2026-07-24 00:37:40 +0000] Updating layout. isCollapsed = false
[2026-07-24 00:37:40 +0000] Chevron frame (expanded): Optional((0.0, -2.0, 13.5, 26.5))
[2026-07-24 00:37:40 +0000] Separator frame (expanded): Optional((0.0, -1.5, 22.0, 25.0))
[2026-07-24 00:37:40 +0000] Stopping global click monitor
[2026-07-24 00:37:40 +0000] Resetting auto-hide timer with delay: 5s
[2026-07-24 00:37:40 +0000] Updating layout. isCollapsed = false
[2026-07-24 00:37:40 +0000] Chevron frame (expanded): Optional((0.0, -2.0, 13.0, 26.5))
[2026-07-24 00:37:40 +0000] Separator frame (expanded): Optional((0.0, -1.5, 22.0, 25.0))
[2026-07-24 00:37:40 +0000] Invalidating auto-hide timer
[2026-07-24 00:37:40 +0000] Resetting auto-hide timer with delay: 5s
[2026-07-24 00:37:40 +0000] Invalidating auto-hide timer
[2026-07-24 00:37:40 +0000] Auto-hide suspended (mouse entering menu bar)
[2026-07-24 00:37:41 +0000] Mouse left menu bar. Restarting auto-hide countdown.
[2026-07-24 00:37:41 +0000] Resetting auto-hide timer with delay: 5s
[2026-07-24 00:37:46 +0000] Auto-hide timer fired. Collapsing bar.
[2026-07-24 00:37:46 +0000] Updating layout. isCollapsed = true
[2026-07-24 00:37:46 +0000] Chevron frame (collapsed): Optional((0.0, -2.0, 13.0, 26.5))
[2026-07-24 00:37:46 +0000] Separator frame (collapsed): Optional((0.0, -1.5, 1570.0, 25.0))
[2026-07-24 00:37:46 +0000] Starting global click monitor
[2026-07-24 00:37:46 +0000] Invalidating auto-hide timer
[2026-07-24 00:37:54 +0000] Mouse left menu bar. Restarting auto-hide countdown.
[2026-07-24 00:38:00 +0000] Mouse left menu bar. Restarting auto-hide countdown.
[2026-07-24 00:39:57 +0000] Mouse left menu bar. Restarting auto-hide countdown.
[2026-07-24 00:40:15 +0000] Mouse left menu bar. Restarting auto-hide countdown.
[2026-07-24 01:20:01 +0000] Global click on empty space detected at (965.359375, 932.8671875). Expanding BBar.
[2026-07-24 01:20:01 +0000] Global click on empty space detected at (965.359375, 932.8671875). Expanding BBar.
[2026-07-24 01:20:01 +0000] Updating layout. isCollapsed = false
[2026-07-24 01:20:01 +0000] Chevron frame (expanded): Optional((0.0, -2.0, 13.5, 26.5))
[2026-07-24 01:20:01 +0000] Separator frame (expanded): Optional((0.0, -1.5, 22.0, 25.0))
[2026-07-24 01:20:01 +0000] Stopping global click monitor
[2026-07-24 01:20:01 +0000] Resetting auto-hide timer with delay: 5s
[2026-07-24 01:20:01 +0000] Updating layout. isCollapsed = false
[2026-07-24 01:20:01 +0000] Chevron frame (expanded): Optional((0.0, -2.0, 13.0, 26.5))
[2026-07-24 01:20:01 +0000] Separator frame (expanded): Optional((0.0, -1.5, 22.0, 25.0))
[2026-07-24 01:20:01 +0000] Invalidating auto-hide timer
[2026-07-24 01:20:01 +0000] Resetting auto-hide timer with delay: 5s
[2026-07-24 01:20:01 +0000] Invalidating auto-hide timer
[2026-07-24 01:20:01 +0000] Auto-hide suspended (mouse entering menu bar)
[2026-07-24 01:20:02 +0000] Mouse left menu bar. Restarting auto-hide countdown.
[2026-07-24 01:20:02 +0000] Resetting auto-hide timer with delay: 5s
[2026-07-24 01:20:03 +0000] Invalidating auto-hide timer
[2026-07-24 01:20:03 +0000] Auto-hide suspended (mouse entering menu bar)
[2026-07-24 01:20:06 +0000] Mouse left menu bar. Restarting auto-hide countdown.
[2026-07-24 01:20:06 +0000] Resetting auto-hide timer with delay: 5s
[2026-07-24 01:20:11 +0000] Auto-hide timer fired. Collapsing bar.
[2026-07-24 01:20:11 +0000] Updating layout. isCollapsed = true
[2026-07-24 01:20:11 +0000] Chevron frame (collapsed): Optional((0.0, -2.0, 13.0, 26.5))
[2026-07-24 01:20:11 +0000] Separator frame (collapsed): Optional((0.0, -1.5, 1570.0, 25.0))
[2026-07-24 01:20:11 +0000] Starting global click monitor
[2026-07-24 01:20:11 +0000] Invalidating auto-hide timer
[2026-07-24 01:21:02 +0000] Mouse left menu bar. Restarting auto-hide countdown.
[2026-07-24 01:23:08 +0000] Mouse left menu bar. Restarting auto-hide countdown.
